edge_ab,edge_ac,edge_bc,BT,absBT
"('specqq', 'lobsterisch')","('specqq', 'OnDrugsTonight')","('lobsterisch', 'OnDrugsTonight')",-0.03200000000000001,0.03200000000000001
"('StoppableHulk', 'ClaretClarinets')","('StoppableHulk', 'OpheliaRainGalaxy')","('OpheliaRainGalaxy', 'ClaretClarinets')",0.54,0.54
"('lobsterisch', 'OnDrugsTonight')","('lobsterisch', 'specqq')","('specqq', 'OnDrugsTonight')",-0.12800000000000003,0.12800000000000003
"('BTRCguy', 'alucarddrol')","('BTRCguy', 'Hesitation-Marx')","('alucarddrol', 'Hesitation-Marx')",-0.136,0.136
"('BTRCguy', 'alucarddrol')","('BTRCguy', 'Hesitation-Marx')","('Hesitation-Marx', 'alucarddrol')",-0.03200000000000001,0.03200000000000001
"('ExplosiveDisassembly', 'Kinetic93')","('ExplosiveDisassembly', 'thelionsmouth')","('Kinetic93', 'thelionsmouth')",0.1305,0.1305
"('ExplosiveDisassembly', 'Kinetic93')","('ExplosiveDisassembly', 'thelionsmouth')","('thelionsmouth', 'Kinetic93')",0.16200000000000003,0.16200000000000003
"('ThatAirsickLowlander', 'scorpyo72')","('ThatAirsickLowlander', 'TeutonJon78')","('scorpyo72', 'TeutonJon78')",0.0,0.0
"('ThatAirsickLowlander', 'scorpyo72')","('ThatAirsickLowlander', 'TeutonJon78')","('TeutonJon78', 'scorpyo72')",0.5120000000000001,0.5120000000000001
"('TeutonJon78', 'ThatAirsickLowlander')","('TeutonJon78', 'scorpyo72')","('ThatAirsickLowlander', 'scorpyo72')",0.5760000000000001,0.5760000000000001
"('GhazelleBerner', 'Three_Froggy_Problem')","('GhazelleBerner', 'hokis2k')","('hokis2k', 'Three_Froggy_Problem')",-0.05600000000000001,0.05600000000000001
"('Hiddenagenda876', 'tenfolddamage')","('Hiddenagenda876', 'yourlittlebirdie')","('tenfolddamage', 'yourlittlebirdie')",0.008000000000000002,0.008000000000000002
"('Hiddenagenda876', 'transient_eternity')","('Hiddenagenda876', 'yourlittlebirdie')","('transient_eternity', 'yourlittlebirdie')",0.0,0.0
"('Hiddenagenda876', 'transient_eternity')","('Hiddenagenda876', 'yourlittlebirdie')","('yourlittlebirdie', 'transient_eternity')",-0.03200000000000001,0.03200000000000001
"('Hiddenagenda876', 'TopazTriad')","('Hiddenagenda876', 'Overton_Glazier')","('TopazTriad', 'Overton_Glazier')",0.0,0.0
"('Hiddenagenda876', 'TopazTriad')","('Hiddenagenda876', 'BBfan-Jr')","('TopazTriad', 'BBfan-Jr')",0.03200000000000001,0.03200000000000001
"('Hiddenagenda876', 'TopazTriad')","('Hiddenagenda876', 'BBfan-Jr')","('BBfan-Jr', 'TopazTriad')",0.12800000000000003,0.12800000000000003
"('Hiddenagenda876', 'Overton_Glazier')","('Hiddenagenda876', 'yourlittlebirdie')","('Overton_Glazier', 'yourlittlebirdie')",-0.057142857142857155,0.057142857142857155
"('Hiddenagenda876', 'Overton_Glazier')","('Hiddenagenda876', 'yourlittlebirdie')","('yourlittlebirdie', 'Overton_Glazier')",-0.05466666666666667,0.05466666666666667
"('Hiddenagenda876', 'yourlittlebirdie')","('Hiddenagenda876', 'BBfan-Jr')","('yourlittlebirdie', 'BBfan-Jr')",0.03200000000000001,0.03200000000000001
"('Hiddenagenda876', 'yourlittlebirdie')","('Hiddenagenda876', 'BBfan-Jr')","('BBfan-Jr', 'yourlittlebirdie')",0.12800000000000003,0.12800000000000003
"('Silver-Bread4668', 'TintedApostle')","('Silver-Bread4668', 'Acceptable_Moose1881')","('Acceptable_Moose1881', 'TintedApostle')",0.8,0.8
"('9_to_5_till_i_die', 'GhazelleBerner')","('9_to_5_till_i_die', 'Melodic-Worry-9797')","('Melodic-Worry-9797', 'GhazelleBerner')",0.0013750000000000001,0.0013750000000000001
"('hokis2k', 'GhazelleBerner')","('hokis2k', 'Three_Froggy_Problem')","('GhazelleBerner', 'Three_Froggy_Problem')",-0.03200000000000001,0.03200000000000001
"('hokis2k', 'aslan_is_on_the_move')","('hokis2k', 'Three_Froggy_Problem')","('aslan_is_on_the_move', 'Three_Froggy_Problem')",-0.44799999999999995,0.44799999999999995
"('mojitz', 'GhazelleBerner')","('mojitz', 'Melodic-Worry-9797')","('Melodic-Worry-9797', 'GhazelleBerner')",-0.0023333333333333335,0.0023333333333333335
"('AssociateOk6035', 'turquoise_amethyst')","('AssociateOk6035', 'Obversa')","('Obversa', 'turquoise_amethyst')",0.28,0.28
"('turquoise_amethyst', 'Mavian23')","('turquoise_amethyst', 'elconquistador1985')","('Mavian23', 'elconquistador1985')",0.136,0.136
"('turquoise_amethyst', 'Mavian23')","('turquoise_amethyst', 'elconquistador1985')","('elconquistador1985', 'Mavian23')",0.07466666666666667,0.07466666666666667
"('Obversa', 'AssociateOk6035')","('Obversa', 'turquoise_amethyst')","('AssociateOk6035', 'turquoise_amethyst')",0.25600000000000006,0.25600000000000006
"('Obversa', 'AssociateOk6035')","('Obversa', 'turquoise_amethyst')","('turquoise_amethyst', 'AssociateOk6035')",0.25600000000000006,0.25600000000000006
"('Mavian23', 'caligaris_cabinet')","('Mavian23', 'Important_Dark_9164')","('Important_Dark_9164', 'caligaris_cabinet')",-0.045000000000000005,0.045000000000000005
"('elconquistador1985', 'Ianthin1')","('elconquistador1985', 'AmericaVotedTrump')","('Ianthin1', 'AmericaVotedTrump')",0.5760000000000001,0.5760000000000001
"('elconquistador1985', 'Mavian23')","('elconquistador1985', 'turquoise_amethyst')","('turquoise_amethyst', 'Mavian23')",0.07466666666666666,0.07466666666666666
"('thrawtes', 'Icy-Bunch609')","('thrawtes', 'Ornery-Ticket834')","('Ornery-Ticket834', 'Icy-Bunch609')",0.24,0.24
"('Ornery-Ticket834', 'Interesting-Risk6446')","('Ornery-Ticket834', 'Icy-Bunch609')","('Interesting-Risk6446', 'Icy-Bunch609')",0.0,0.0
"('Ornery-Ticket834', 'thrawtes')","('Ornery-Ticket834', 'Icy-Bunch609')","('thrawtes', 'Icy-Bunch609')",0.24,0.24
"('Melodic-Worry-9797', 'GhazelleBerner')","('Melodic-Worry-9797', 'mojitz')","('GhazelleBerner', 'mojitz')",0.0031377551020408167,0.0031377551020408167
"('Melodic-Worry-9797', 'GhazelleBerner')","('Melodic-Worry-9797', 'mojitz')","('mojitz', 'GhazelleBerner')",0.01913333333333334,0.01913333333333334
"('Melodic-Worry-9797', 'GhazelleBerner')","('Melodic-Worry-9797', '9_to_5_till_i_die')","('GhazelleBerner', '9_to_5_till_i_die')",-0.010739285714285715,0.010739285714285715
"('Melodic-Worry-9797', 'GhazelleBerner')","('Melodic-Worry-9797', '9_to_5_till_i_die')","('9_to_5_till_i_die', 'GhazelleBerner')",0.0029062500000000004,0.0029062500000000004
"('Melodic-Worry-9797', 'GhazelleBerner')","('Melodic-Worry-9797', 'Melodic-Worry-9797')","('Melodic-Worry-9797', 'GhazelleBerner')",-0.008400000000000003,0.008400000000000003
"('Melodic-Worry-9797', 'GhazelleBerner')","('Melodic-Worry-9797', 'Three_Froggy_Problem')","('GhazelleBerner', 'Three_Froggy_Problem')",0.096,0.096
"('Melodic-Worry-9797', 'mojitz')","('Melodic-Worry-9797', 'Melodic-Worry-9797')","('mojitz', 'Melodic-Worry-9797')",0.0021964285714285714,0.0021964285714285714
"('Melodic-Worry-9797', 'mojitz')","('Melodic-Worry-9797', 'Melodic-Worry-9797')","('Melodic-Worry-9797', 'mojitz')",-0.01801071428571429,0.01801071428571429
"('Melodic-Worry-9797', '9_to_5_till_i_die')","('Melodic-Worry-9797', 'Melodic-Worry-9797')","('9_to_5_till_i_die', 'Melodic-Worry-9797')",-0.014918750000000005,0.014918750000000005
"('Melodic-Worry-9797', '9_to_5_till_i_die')","('Melodic-Worry-9797', 'Melodic-Worry-9797')","('Melodic-Worry-9797', '9_to_5_till_i_die')",-0.03153281250000001,0.03153281250000001
"('Melodic-Worry-9797', 'Melodic-Worry-9797')","('Melodic-Worry-9797', 'Three_Froggy_Problem')","('Melodic-Worry-9797', 'Three_Froggy_Problem')",-0.0756,0.0756
"('Melodic-Worry-9797', 'Melodic-Worry-9797')","('Melodic-Worry-9797', 'Canium')","('Melodic-Worry-9797', 'Canium')",-0.189525,0.189525
"('Melodic-Worry-9797', 'Melodic-Worry-9797')","('Melodic-Worry-9797', 'Vandersnatcher')","('Melodic-Worry-9797', 'Vandersnatcher')",-0.13440000000000005,0.13440000000000005
"('Melodic-Worry-9797', 'Melodic-Worry-9797')","('Melodic-Worry-9797', 'NotAnotherBlingBlop')","('Melodic-Worry-9797', 'NotAnotherBlingBlop')",-0.03360000000000001,0.03360000000000001
"('Melodic-Worry-9797', 'Melodic-Worry-9797')","('Melodic-Worry-9797', 'NotAnotherBlingBlop')","('NotAnotherBlingBlop', 'Melodic-Worry-9797')",-0.03120000000000001,0.03120000000000001
"('Melodic-Worry-9797', 'Vandersnatcher')","('Melodic-Worry-9797', 'NotAnotherBlingBlop')","('Vandersnatcher', 'NotAnotherBlingBlop')",0.06400000000000002,0.06400000000000002
"('IckyStickyIcky', 'Sadiecookie')","('IckyStickyIcky', 'PopPalsUnited')","('Sadiecookie', 'PopPalsUnited')",0.0,0.0
"('PopPalsUnited', 'nasorrty346tfrgser')","('PopPalsUnited', 'Dangerous-Union-5883')","('nasorrty346tfrgser', 'Dangerous-Union-5883')",-0.16000000000000003,0.16000000000000003
"('Apprehensive-Cow9690', 'PopPalsUnited')","('Apprehensive-Cow9690', 'davefish77')","('davefish77', 'PopPalsUnited')",0.5120000000000001,0.5120000000000001
"('IFHelper', 'Lord_Of_Shade57')","('IFHelper', 'thatnameagain')","('Lord_Of_Shade57', 'thatnameagain')",0.0,0.0
"('IFHelper', 'Lord_Of_Shade57')","('IFHelper', 'thatnameagain')","('thatnameagain', 'Lord_Of_Shade57')",-0.017230769230769234,0.017230769230769234
"('nasorrty346tfrgser', 'PopPalsUnited')","('nasorrty346tfrgser', 'Dangerous-Union-5883')","('PopPalsUnited', 'Dangerous-Union-5883')",-0.2,0.2
"('nasorrty346tfrgser', 'PopPalsUnited')","('nasorrty346tfrgser', 'Dangerous-Union-5883')","('Dangerous-Union-5883', 'PopPalsUnited')",0.08000000000000002,0.08000000000000002
"('Ok-disaster2022', 'civil_politician')","('Ok-disaster2022', 'nasorrty346tfrgser')","('civil_politician', 'nasorrty346tfrgser')",-0.6080000000000001,0.6080000000000001
"('Ok-Wealth-7322', 'PopPalsUnited')","('Ok-Wealth-7322', 'hymie0')","('hymie0', 'PopPalsUnited')",-0.48,0.48
"('Ok-Wealth-7322', 'MongolianDonutKhan')","('Ok-Wealth-7322', 'Fastluck83')","('MongolianDonutKhan', 'Fastluck83')",-0.0,0.0
"('Ok-Wealth-7322', 'SeanKIL0')","('Ok-Wealth-7322', 'Aggravating_Money992')","('SeanKIL0', 'Aggravating_Money992')",0.5120000000000001,0.5120000000000001
"('Lord_Of_Shade57', 'thatnameagain')","('Lord_Of_Shade57', 'Jumpy_Bison_')","('thatnameagain', 'Jumpy_Bison_')",0.0,0.0
"('Lord_Of_Shade57', 'thatnameagain')","('Lord_Of_Shade57', 'zernoc56')","('thatnameagain', 'zernoc56')",0.0,0.0
"('Lord_Of_Shade57', 'thatnameagain')","('Lord_Of_Shade57', 'zernoc56')","('zernoc56', 'thatnameagain')",-0.0,0.0
"('thatnameagain', 'IFHelper')","('thatnameagain', 'Lord_Of_Shade57')","('IFHelper', 'Lord_Of_Shade57')",-0.03261538461538462,0.03261538461538462
"('thatnameagain', 'zernoc56')","('thatnameagain', 'Lord_Of_Shade57')","('zernoc56', 'Lord_Of_Shade57')",-0.13333333333333333,0.13333333333333333
"('thatnameagain', 'zernoc56')","('thatnameagain', 'Lord_Of_Shade57')","('Lord_Of_Shade57', 'zernoc56')",-0.02666666666666667,0.02666666666666667
"('thatnameagain', 'Jumpy_Bison_')","('thatnameagain', 'Lord_Of_Shade57')","('Lord_Of_Shade57', 'Jumpy_Bison_')",-0.03200000000000001,0.03200000000000001
"('thatnameagain', 'Many_Negotiation_464')","('thatnameagain', '34Bard')","('Many_Negotiation_464', '34Bard')",0.0368,0.0368
"('yourlittlebirdie', 'PawneePoppins')","('yourlittlebirdie', 'Unhappy_Scratch_9385')","('Unhappy_Scratch_9385', 'PawneePoppins')",-0.25600000000000006,0.25600000000000006
"('yourlittlebirdie', 'lisa_lionheart84')","('yourlittlebirdie', 'Unhappy_Scratch_9385')","('Unhappy_Scratch_9385', 'lisa_lionheart84')",-0.0,0.0
"('yourlittlebirdie', 'Overton_Glazier')","('yourlittlebirdie', 'Unhappy_Scratch_9385')","('Overton_Glazier', 'Unhappy_Scratch_9385')",0.06833333333333333,0.06833333333333333
"('yourlittlebirdie', 'Overton_Glazier')","('yourlittlebirdie', 'Unhappy_Scratch_9385')","('Unhappy_Scratch_9385', 'Overton_Glazier')",0.123,0.123
"('yourlittlebirdie', 'Overton_Glazier')","('yourlittlebirdie', 'Own_Alps_3108')","('Overton_Glazier', 'Own_Alps_3108')",0.06857060185185186,0.06857060185185186
"('yourlittlebirdie', 'Overton_Glazier')","('yourlittlebirdie', 'Own_Alps_3108')","('Own_Alps_3108', 'Overton_Glazier')",0.05001620370370371,0.05001620370370371
"('yourlittlebirdie', 'Overton_Glazier')","('yourlittlebirdie', 'Hiddenagenda876')","('Overton_Glazier', 'Hiddenagenda876')",-0.017083333333333332,0.017083333333333332
"('yourlittlebirdie', 'Overton_Glazier')","('yourlittlebirdie', 'Hiddenagenda876')","('Hiddenagenda876', 'Overton_Glazier')",-0.06833333333333333,0.06833333333333333
"('yourlittlebirdie', 'Overton_Glazier')","('yourlittlebirdie', 'Shifter25')","('Overton_Glazier', 'Shifter25')",-0.010534722222222223,0.010534722222222223
"('yourlittlebirdie', 'Overton_Glazier')","('yourlittlebirdie', 'Shifter25')","('Shifter25', 'Overton_Glazier')",-0.06320833333333332,0.06320833333333332
"('yourlittlebirdie', 'Unhappy_Scratch_9385')","('yourlittlebirdie', 'saera-targaryen')","('Unhappy_Scratch_9385', 'saera-targaryen')",0.0646,0.0646
"('yourlittlebirdie', 'Unhappy_Scratch_9385')","('yourlittlebirdie', 'Julian81295')","('Unhappy_Scratch_9385', 'Julian81295')",0.192,0.192
"('yourlittlebirdie', 'Unhappy_Scratch_9385')","('yourlittlebirdie', 'Own_Alps_3108')","('Unhappy_Scratch_9385', 'Own_Alps_3108')",0.09066666666666669,0.09066666666666669
"('yourlittlebirdie', 'Unhappy_Scratch_9385')","('yourlittlebirdie', 'Own_Alps_3108')","('Own_Alps_3108', 'Unhappy_Scratch_9385')",-0.022666666666666672,0.022666666666666672
"('yourlittlebirdie', 'Unhappy_Scratch_9385')","('yourlittlebirdie', 'BBfan-Jr')","('Unhappy_Scratch_9385', 'BBfan-Jr')",-0.028000000000000004,0.028000000000000004
"('yourlittlebirdie', 'Unhappy_Scratch_9385')","('yourlittlebirdie', 'BBfan-Jr')","('BBfan-Jr', 'Unhappy_Scratch_9385')",-0.06400000000000002,0.06400000000000002
"('yourlittlebirdie', 'Unhappy_Scratch_9385')","('yourlittlebirdie', 'Hiddenagenda876')","('Unhappy_Scratch_9385', 'Hiddenagenda876')",-0.08000000000000002,0.08000000000000002
"('yourlittlebirdie', 'saera-targaryen')","('yourlittlebirdie', 'transient_eternity')","('saera-targaryen', 'transient_eternity')",0.12160000000000003,0.12160000000000003
"('yourlittlebirdie', 'saera-targaryen')","('yourlittlebirdie', 'transient_eternity')","('transient_eternity', 'saera-targaryen')",0.1292,0.1292
"('yourlittlebirdie', 'saera-targaryen')","('yourlittlebirdie', 'mitchconnerrc')","('saera-targaryen', 'mitchconnerrc')",0.12920000000000004,0.12920000000000004
"('yourlittlebirdie', 'saera-targaryen')","('yourlittlebirdie', 'mitchconnerrc')","('mitchconnerrc', 'saera-targaryen')",0.13727500000000004,0.13727500000000004
"('yourlittlebirdie', 'saera-targaryen')","('yourlittlebirdie', 'Julian81295')","('saera-targaryen', 'Julian81295')",-0.0,0.0
"('yourlittlebirdie', 'saera-targaryen')","('yourlittlebirdie', 'Own_Alps_3108')","('saera-targaryen', 'Own_Alps_3108')",0.04306666666666668,0.04306666666666668
"('yourlittlebirdie', 'saera-targaryen')","('yourlittlebirdie', 'Own_Alps_3108')","('Own_Alps_3108', 'saera-targaryen')",0.008075000000000002,0.008075000000000002
"('yourlittlebirdie', 'saera-targaryen')","('yourlittlebirdie', 'Hiddenagenda876')","('saera-targaryen', 'Hiddenagenda876')",-0.038000000000000006,0.038000000000000006
"('yourlittlebirdie', 'transient_eternity')","('yourlittlebirdie', 'mitchconnerrc')","('mitchconnerrc', 'transient_eternity')",0.5780000000000001,0.5780000000000001
"('yourlittlebirdie', 'transient_eternity')","('yourlittlebirdie', 'Hiddenagenda876')","('transient_eternity', 'Hiddenagenda876')",-0.04000000000000001,0.04000000000000001
"('yourlittlebirdie', 'transient_eternity')","('yourlittlebirdie', 'Hiddenagenda876')","('Hiddenagenda876', 'transient_eternity')",-0.04000000000000001,0.04000000000000001
"('yourlittlebirdie', 'BBfan-Jr')","('yourlittlebirdie', 'Hiddenagenda876')","('Hiddenagenda876', 'BBfan-Jr')",0.04000000000000001,0.04000000000000001
"('Overton_Glazier', 'yourlittlebirdie')","('Overton_Glazier', 'Own_Alps_3108')","('yourlittlebirdie', 'Own_Alps_3108')",0.07167658730158732,0.07167658730158732
"('Overton_Glazier', 'yourlittlebirdie')","('Overton_Glazier', 'Own_Alps_3108')","('Own_Alps_3108', 'yourlittlebirdie')",0.10540674603174606,0.10540674603174606
"('Overton_Glazier', 'yourlittlebirdie')","('Overton_Glazier', 'Unhappy_Scratch_9385')","('yourlittlebirdie', 'Unhappy_Scratch_9385')",0.07142857142857144,0.07142857142857144
"('Overton_Glazier', 'yourlittlebirdie')","('Overton_Glazier', 'Unhappy_Scratch_9385')","('Unhappy_Scratch_9385', 'yourlittlebirdie')",0.03869047619047619,0.03869047619047619
"('Overton_Glazier', 'yourlittlebirdie')","('Overton_Glazier', 'Hiddenagenda876')","('yourlittlebirdie', 'Hiddenagenda876')",-0.01785714285714286,0.01785714285714286
"('Overton_Glazier', 'yourlittlebirdie')","('Overton_Glazier', 'Hiddenagenda876')","('Hiddenagenda876', 'yourlittlebirdie')",-0.014285714285714289,0.014285714285714289
"('Overton_Glazier', 'yourlittlebirdie')","('Overton_Glazier', 'Shifter25')","('yourlittlebirdie', 'Shifter25')",-0.011011904761904764,0.011011904761904764
"('Overton_Glazier', 'yourlittlebirdie')","('Overton_Glazier', 'Shifter25')","('Shifter25', 'yourlittlebirdie')",-0.004017857142857143,0.004017857142857143
"('Overton_Glazier', 'Own_Alps_3108')","('Overton_Glazier', 'Unhappy_Scratch_9385')","('Own_Alps_3108', 'Unhappy_Scratch_9385')",-0.07083333333333335,0.07083333333333335
"('Overton_Glazier', 'Own_Alps_3108')","('Overton_Glazier', 'Unhappy_Scratch_9385')","('Unhappy_Scratch_9385', 'Own_Alps_3108')",0.2833333333333334,0.2833333333333334
"('Overton_Glazier', 'Own_Alps_3108')","('Overton_Glazier', 'Trogdor796')","('Own_Alps_3108', 'Trogdor796')",-0.42500000000000004,0.42500000000000004
"('Overton_Glazier', 'Unhappy_Scratch_9385')","('Overton_Glazier', 'Trogdor796')","('Unhappy_Scratch_9385', 'Trogdor796')",0.08000000000000002,0.08000000000000002
"('Overton_Glazier', 'Unhappy_Scratch_9385')","('Overton_Glazier', 'Hiddenagenda876')","('Unhappy_Scratch_9385', 'Hiddenagenda876')",0.08000000000000002,0.08000000000000002
"('Overton_Glazier', 'Unhappy_Scratch_9385')","('Overton_Glazier', 'CombinationSad8742')","('Unhappy_Scratch_9385', 'CombinationSad8742')",0.0,0.0
"('Overton_Glazier', 'Shifter25')","('Overton_Glazier', 'CombinationSad8742')","('CombinationSad8742', 'Shifter25')",-0.0,0.0
"('Overton_Glazier', 'Shifter25')","('Overton_Glazier', 'dukefan15')","('Shifter25', 'dukefan15')",0.0,0.0
"('Overton_Glazier', 'CombinationSad8742')","('Overton_Glazier', 'Sabiancym')","('CombinationSad8742', 'Sabiancym')",-0.0,0.0
"('Overton_Glazier', 'BigManWAGun')","('Overton_Glazier', 'Ok-Lets-Talk-It-Out')","('BigManWAGun', 'Ok-Lets-Talk-It-Out')",0.0,0.0
"('Overton_Glazier', 'BigManWAGun')","('Overton_Glazier', 'Ok-Lets-Talk-It-Out')","('Ok-Lets-Talk-It-Out', 'BigManWAGun')",0.0,0.0
"('Unhappy_Scratch_9385', 'Key_Inevitable_2104')","('Unhappy_Scratch_9385', 'Original_moisture')","('Key_Inevitable_2104', 'Original_moisture')",-0.1,0.1
"('Unhappy_Scratch_9385', 'TheRealBlueJade')","('Unhappy_Scratch_9385', 'fuenfsiebenneun')","('fuenfsiebenneun', 'TheRealBlueJade')",-0.0,0.0
"('Unhappy_Scratch_9385', 'TheRealBlueJade')","('Unhappy_Scratch_9385', 'Original_moisture')","('TheRealBlueJade', 'Original_moisture')",-0.12800000000000003,0.12800000000000003
"('Unhappy_Scratch_9385', 'Hiddenagenda876')","('Unhappy_Scratch_9385', 'tenfolddamage')","('Hiddenagenda876', 'tenfolddamage')",0.03200000000000001,0.03200000000000001
"('Unhappy_Scratch_9385', 'Hiddenagenda876')","('Unhappy_Scratch_9385', 'yourlittlebirdie')","('Hiddenagenda876', 'yourlittlebirdie')",-0.03466666666666667,0.03466666666666667
"('Unhappy_Scratch_9385', 'Hiddenagenda876')","('Unhappy_Scratch_9385', 'yourlittlebirdie')","('yourlittlebirdie', 'Hiddenagenda876')",-0.043333333333333335,0.043333333333333335
"('Unhappy_Scratch_9385', 'Hiddenagenda876')","('Unhappy_Scratch_9385', 'saera-targaryen')","('saera-targaryen', 'Hiddenagenda876')",0.544,0.544
"('Unhappy_Scratch_9385', 'Hiddenagenda876')","('Unhappy_Scratch_9385', 'Overton_Glazier')","('Hiddenagenda876', 'Overton_Glazier')",0.5760000000000001,0.5760000000000001
"('Unhappy_Scratch_9385', 'Hiddenagenda876')","('Unhappy_Scratch_9385', 'Overton_Glazier')","('Overton_Glazier', 'Hiddenagenda876')",0.14400000000000002,0.14400000000000002
"('Unhappy_Scratch_9385', 'Hiddenagenda876')","('Unhappy_Scratch_9385', 'TopazTriad')","('Hiddenagenda876', 'TopazTriad')",0.0,0.0
"('Unhappy_Scratch_9385', 'Hiddenagenda876')","('Unhappy_Scratch_9385', 'BBfan-Jr')","('Hiddenagenda876', 'BBfan-Jr')",0.22399999999999998,0.22399999999999998
"('Unhappy_Scratch_9385', 'danosaurus1')","('Unhappy_Scratch_9385', 'tenfolddamage')","('tenfolddamage', 'danosaurus1')",0.04000000000000001,0.04000000000000001
"('Unhappy_Scratch_9385', 'danosaurus1')","('Unhappy_Scratch_9385', 'teddytwelvetoes')","('danosaurus1', 'teddytwelvetoes')",-0.32000000000000006,0.32000000000000006
"('Unhappy_Scratch_9385', 'tenfolddamage')","('Unhappy_Scratch_9385', 'yourlittlebirdie')","('tenfolddamage', 'yourlittlebirdie')",-0.008666666666666668,0.008666666666666668
"('Unhappy_Scratch_9385', 'tenfolddamage')","('Unhappy_Scratch_9385', 'Forcistus')","('tenfolddamage', 'Forcistus')",0.014000000000000002,0.014000000000000002
"('Unhappy_Scratch_9385', 'lisa_lionheart84')","('Unhappy_Scratch_9385', 'yourlittlebirdie')","('lisa_lionheart84', 'yourlittlebirdie')",-0.0,0.0
"('Unhappy_Scratch_9385', 'lisa_lionheart84')","('Unhappy_Scratch_9385', 'yourlittlebirdie')","('yourlittlebirdie', 'lisa_lionheart84')",-0.0,0.0
"('Unhappy_Scratch_9385', 'yourlittlebirdie')","('Unhappy_Scratch_9385', 'saera-targaryen')","('yourlittlebirdie', 'saera-targaryen')",0.03499166666666667,0.03499166666666667
"('Unhappy_Scratch_9385', 'yourlittlebirdie')","('Unhappy_Scratch_9385', 'saera-targaryen')","('saera-targaryen', 'yourlittlebirdie')",0.023678571428571427,0.023678571428571427
"('Unhappy_Scratch_9385', 'yourlittlebirdie')","('Unhappy_Scratch_9385', 'Own_Alps_3108')","('yourlittlebirdie', 'Own_Alps_3108')",0.04911111111111112,0.04911111111111112
"('Unhappy_Scratch_9385', 'yourlittlebirdie')","('Unhappy_Scratch_9385', 'Own_Alps_3108')","('Own_Alps_3108', 'yourlittlebirdie')",0.07222222222222223,0.07222222222222223
"('Unhappy_Scratch_9385', 'yourlittlebirdie')","('Unhappy_Scratch_9385', 'Overton_Glazier')","('yourlittlebirdie', 'Overton_Glazier')",0.06662499999999999,0.06662499999999999
"('Unhappy_Scratch_9385', 'yourlittlebirdie')","('Unhappy_Scratch_9385', 'Overton_Glazier')","('Overton_Glazier', 'yourlittlebirdie')",0.06964285714285715,0.06964285714285715
"('Unhappy_Scratch_9385', 'yourlittlebirdie')","('Unhappy_Scratch_9385', 'Julian81295')","('yourlittlebirdie', 'Julian81295')",0.104,0.104
"('Unhappy_Scratch_9385', 'yourlittlebirdie')","('Unhappy_Scratch_9385', 'Julian81295')","('Julian81295', 'yourlittlebirdie')",0.1386666666666667,0.1386666666666667
"('Unhappy_Scratch_9385', 'yourlittlebirdie')","('Unhappy_Scratch_9385', 'Forcistus')","('Forcistus', 'yourlittlebirdie')",-0.06066666666666668,0.06066666666666668
"('Unhappy_Scratch_9385', 'yourlittlebirdie')","('Unhappy_Scratch_9385', 'BBfan-Jr')","('yourlittlebirdie', 'BBfan-Jr')",-0.015166666666666669,0.015166666666666669
"('Unhappy_Scratch_9385', 'yourlittlebirdie')","('Unhappy_Scratch_9385', 'BBfan-Jr')","('BBfan-Jr', 'yourlittlebirdie')",-0.060666666666666674,0.060666666666666674
"('Unhappy_Scratch_9385', 'yourlittlebirdie')","('Unhappy_Scratch_9385', 'PawneePoppins')","('yourlittlebirdie', 'PawneePoppins')",-0.1386666666666667,0.1386666666666667
"('Unhappy_Scratch_9385', 'saera-targaryen')","('Unhappy_Scratch_9385', 'Own_Alps_3108')","('saera-targaryen', 'Own_Alps_3108')",0.544,0.544
"('Unhappy_Scratch_9385', 'saera-targaryen')","('Unhappy_Scratch_9385', 'Own_Alps_3108')","('Own_Alps_3108', 'saera-targaryen')",0.10200000000000002,0.10200000000000002
"('Unhappy_Scratch_9385', 'saera-targaryen')","('Unhappy_Scratch_9385', 'Julian81295')","('saera-targaryen', 'Julian81295')",-0.0,0.0
"('Unhappy_Scratch_9385', 'saera-targaryen')","('Unhappy_Scratch_9385', 'Forcistus')","('saera-targaryen', 'Forcistus')",0.0,0.0
"('Unhappy_Scratch_9385', 'saera-targaryen')","('Unhappy_Scratch_9385', 'Forcistus')","('Forcistus', 'saera-targaryen')",0.0,0.0
"('Unhappy_Scratch_9385', 'Own_Alps_3108')","('Unhappy_Scratch_9385', 'Overton_Glazier')","('Own_Alps_3108', 'Overton_Glazier')",0.3720000000000001,0.3720000000000001
"('Unhappy_Scratch_9385', 'Own_Alps_3108')","('Unhappy_Scratch_9385', 'Overton_Glazier')","('Overton_Glazier', 'Own_Alps_3108')",0.5100000000000001,0.5100000000000001
"('Unhappy_Scratch_9385', 'Own_Alps_3108')","('Unhappy_Scratch_9385', 'TopazTriad')","('Own_Alps_3108', 'TopazTriad')",-0.0,0.0
"('Unhappy_Scratch_9385', 'Own_Alps_3108')","('Unhappy_Scratch_9385', 'TopazTriad')","('TopazTriad', 'Own_Alps_3108')",-0.0,0.0
"('Unhappy_Scratch_9385', 'Own_Alps_3108')","('Unhappy_Scratch_9385', 'Trogdor796')","('Own_Alps_3108', 'Trogdor796')",-0.12000000000000002,0.12000000000000002
"('Unhappy_Scratch_9385', 'Overton_Glazier')","('Unhappy_Scratch_9385', 'TopazTriad')","('TopazTriad', 'Overton_Glazier')",0.0,0.0
"('Unhappy_Scratch_9385', 'Overton_Glazier')","('Unhappy_Scratch_9385', 'Trogdor796')","('Overton_Glazier', 'Trogdor796')",0.14400000000000002,0.14400000000000002
"('Unhappy_Scratch_9385', 'Overton_Glazier')","('Unhappy_Scratch_9385', 'CombinationSad8742')","('Overton_Glazier', 'CombinationSad8742')",0.0,0.0
"('Unhappy_Scratch_9385', 'Overton_Glazier')","('Unhappy_Scratch_9385', 'CombinationSad8742')","('CombinationSad8742', 'Overton_Glazier')",0.4320000000000001,0.4320000000000001
"('Unhappy_Scratch_9385', 'TopazTriad')","('Unhappy_Scratch_9385', 'BBfan-Jr')","('TopazTriad', 'BBfan-Jr')",0.0,0.0
"('Unhappy_Scratch_9385', 'TopazTriad')","('Unhappy_Scratch_9385', 'BBfan-Jr')","('BBfan-Jr', 'TopazTriad')",0.0,0.0
"('Unhappy_Scratch_9385', 'Trogdor796')","('Unhappy_Scratch_9385', 'BBfan-Jr')","('Trogdor796', 'BBfan-Jr')",0.041999999999999996,0.041999999999999996
"('saera-targaryen', 'jawshoeaw')","('saera-targaryen', 'BareNakedSole')","('jawshoeaw', 'BareNakedSole')",0.0,0.0
"('saera-targaryen', 'kehakas')","('saera-targaryen', 'Cute-Percentage-6660')","('Cute-Percentage-6660', 'kehakas')",0.5120000000000001,0.5120000000000001
"('saera-targaryen', 'kehakas')","('saera-targaryen', 'transient_eternity')","('transient_eternity', 'kehakas')",0.38400000000000006,0.38400000000000006
"('saera-targaryen', 'Cute-Percentage-6660')","('saera-targaryen', 'yourlittlebirdie')","('Cute-Percentage-6660', 'yourlittlebirdie')",-0.0,0.0
"('saera-targaryen', 'Cute-Percentage-6660')","('saera-targaryen', 'lyreluna')","('Cute-Percentage-6660', 'lyreluna')",-0.6080000000000001,0.6080000000000001
"('saera-targaryen', 'yourlittlebirdie')","('saera-targaryen', 'transient_eternity')","('yourlittlebirdie', 'transient_eternity')",0.0822857142857143,0.0822857142857143
"('saera-targaryen', 'yourlittlebirdie')","('saera-targaryen', 'transient_eternity')","('transient_eternity', 'yourlittlebirdie')",-0.0,0.0
"('saera-targaryen', 'yourlittlebirdie')","('saera-targaryen', 'Hiddenagenda876')","('yourlittlebirdie', 'Hiddenagenda876')",-0.025714285714285714,0.025714285714285714
"('saera-targaryen', 'yourlittlebirdie')","('saera-targaryen', 'Hiddenagenda876')","('Hiddenagenda876', 'yourlittlebirdie')",-0.020571428571428574,0.020571428571428574
"('saera-targaryen', 'yourlittlebirdie')","('saera-targaryen', 'mitchconnerrc')","('yourlittlebirdie', 'mitchconnerrc')",0.08742857142857144,0.08742857142857144
"('saera-targaryen', 'yourlittlebirdie')","('saera-targaryen', 'mitchconnerrc')","('mitchconnerrc', 'yourlittlebirdie')",0.0822857142857143,0.0822857142857143
"('saera-targaryen', 'yourlittlebirdie')","('saera-targaryen', 'Own_Alps_3108')","('yourlittlebirdie', 'Own_Alps_3108')",0.029142857142857147,0.029142857142857147
"('saera-targaryen', 'yourlittlebirdie')","('saera-targaryen', 'Own_Alps_3108')","('Own_Alps_3108', 'yourlittlebirdie')",0.04285714285714286,0.04285714285714286
"('saera-targaryen', 'yourlittlebirdie')","('saera-targaryen', 'Julian81295')","('yourlittlebirdie', 'Julian81295')",-0.0,0.0
"('saera-targaryen', 'yourlittlebirdie')","('saera-targaryen', 'Julian81295')","('Julian81295', 'yourlittlebirdie')",-0.0,0.0
"('saera-targaryen', 'yourlittlebirdie')","('saera-targaryen', 'Forcistus')","('Forcistus', 'yourlittlebirdie')",-0.0,0.0
"('saera-targaryen', 'transient_eternity')","('saera-targaryen', 'Hiddenagenda876')","('transient_eternity', 'Hiddenagenda876')",0.12800000000000003,0.12800000000000003
"('saera-targaryen', 'transient_eternity')","('saera-targaryen', 'Hiddenagenda876')","('Hiddenagenda876', 'transient_eternity')",0.12800000000000003,0.12800000000000003
"('saera-targaryen', 'transient_eternity')","('saera-targaryen', 'mitchconnerrc')","('mitchconnerrc', 'transient_eternity')",0.544,0.544
"('transient_eternity', 'kehakas')","('transient_eternity', 'saera-targaryen')","('saera-targaryen', 'kehakas')",0.40800000000000003,0.40800000000000003
"('transient_eternity', 'saera-targaryen')","('transient_eternity', 'Hiddenagenda876')","('saera-targaryen', 'Hiddenagenda876')",0.136,0.136
"('transient_eternity', 'saera-targaryen')","('transient_eternity', 'yourlittlebirdie')","('saera-targaryen', 'yourlittlebirdie')",-0.0,0.0
"('transient_eternity', 'saera-targaryen')","('transient_eternity', 'yourlittlebirdie')","('yourlittlebirdie', 'saera-targaryen')",-0.0,0.0
"('transient_eternity', 'Hiddenagenda876')","('transient_eternity', 'yourlittlebirdie')","('Hiddenagenda876', 'yourlittlebirdie')",0.0,0.0
"('transient_eternity', 'Hiddenagenda876')","('transient_eternity', 'yourlittlebirdie')","('yourlittlebirdie', 'Hiddenagenda876')",0.0,0.0
"('mitchconnerrc', 'SS1989')","('mitchconnerrc', 'yourlittlebirdie')","('SS1989', 'yourlittlebirdie')",-0.12800000000000003,0.12800000000000003
"('mitchconnerrc', 'transient_eternity')","('mitchconnerrc', 'saera-targaryen')","('transient_eternity', 'saera-targaryen')",0.6141249999999999,0.6141249999999999
"('mitchconnerrc', 'transient_eternity')","('mitchconnerrc', 'saera-targaryen')","('saera-targaryen', 'transient_eternity')",0.578,0.578
"('mitchconnerrc', 'transient_eternity')","('mitchconnerrc', 'yourlittlebirdie')","('transient_eternity', 'yourlittlebirdie')",-0.0,0.0
"('mitchconnerrc', 'transient_eternity')","('mitchconnerrc', 'yourlittlebirdie')","('yourlittlebirdie', 'transient_eternity')",0.544,0.544
"('mitchconnerrc', 'saera-targaryen')","('mitchconnerrc', 'yourlittlebirdie')","('saera-targaryen', 'yourlittlebirdie')",0.08742857142857142,0.08742857142857142
"('mitchconnerrc', 'saera-targaryen')","('mitchconnerrc', 'yourlittlebirdie')","('yourlittlebirdie', 'saera-targaryen')",0.1292,0.1292
"('mitchconnerrc', 'yourlittlebirdie')","('mitchconnerrc', 'martinsuchan')","('martinsuchan', 'yourlittlebirdie')",0.5120000000000001,0.5120000000000001
"('mitchconnerrc', 'Gavorn')","('mitchconnerrc', 'franker')","('franker', 'Gavorn')",-0.012000000000000004,0.012000000000000004
"('Own_Alps_3108', 'Overton_Glazier')","('Own_Alps_3108', 'Unhappy_Scratch_9385')","('Overton_Glazier', 'Unhappy_Scratch_9385')",-0.05166666666666667,0.05166666666666667
"('Own_Alps_3108', 'Overton_Glazier')","('Own_Alps_3108', 'Unhappy_Scratch_9385')","('Unhappy_Scratch_9385', 'Overton_Glazier')",-0.09300000000000001,0.09300000000000001
"('Own_Alps_3108', 'Overton_Glazier')","('Own_Alps_3108', 'TopazTriad')","('TopazTriad', 'Overton_Glazier')",-0.0,0.0
"('Own_Alps_3108', 'Overton_Glazier')","('Own_Alps_3108', 'Trogdor796')","('Overton_Glazier', 'Trogdor796')",-0.31000000000000005,0.31000000000000005
"('Own_Alps_3108', 'Overton_Glazier')","('Own_Alps_3108', 'yourlittlebirdie')","('Overton_Glazier', 'yourlittlebirdie')",0.07688492063492065,0.07688492063492065
"('Own_Alps_3108', 'Overton_Glazier')","('Own_Alps_3108', 'yourlittlebirdie')","('yourlittlebirdie', 'Overton_Glazier')",0.07355324074074074,0.07355324074074074
"('Own_Alps_3108', 'Unhappy_Scratch_9385')","('Own_Alps_3108', 'saera-targaryen')","('Unhappy_Scratch_9385', 'saera-targaryen')",-0.025500000000000005,0.025500000000000005
"('Own_Alps_3108', 'Unhappy_Scratch_9385')","('Own_Alps_3108', 'TopazTriad')","('Unhappy_Scratch_9385', 'TopazTriad')",0.0,0.0
"('Own_Alps_3108', 'Unhappy_Scratch_9385')","('Own_Alps_3108', 'Trogdor796')","('Unhappy_Scratch_9385', 'Trogdor796')",0.030000000000000006,0.030000000000000006
"('Own_Alps_3108', 'Unhappy_Scratch_9385')","('Own_Alps_3108', 'yourlittlebirdie')","('Unhappy_Scratch_9385', 'yourlittlebirdie')",-0.018055555555555557,0.018055555555555557
"('Own_Alps_3108', 'Unhappy_Scratch_9385')","('Own_Alps_3108', 'yourlittlebirdie')","('yourlittlebirdie', 'Unhappy_Scratch_9385')",-0.03333333333333334,0.03333333333333334
"('Own_Alps_3108', 'saera-targaryen')","('Own_Alps_3108', 'yourlittlebirdie')","('saera-targaryen', 'yourlittlebirdie')",0.008035714285714287,0.008035714285714287
"('Own_Alps_3108', 'saera-targaryen')","('Own_Alps_3108', 'yourlittlebirdie')","('yourlittlebirdie', 'saera-targaryen')",0.011875000000000004,0.011875000000000004
"('BBfan-Jr', 'SS1989')","('BBfan-Jr', 'yourlittlebirdie')","('SS1989', 'yourlittlebirdie')",0.03200000000000001,0.03200000000000001
"('BBfan-Jr', 'TopazTriad')","('BBfan-Jr', 'Unhappy_Scratch_9385')","('Unhappy_Scratch_9385', 'TopazTriad')",0.0,0.0
"('BBfan-Jr', 'yourlittlebirdie')","('BBfan-Jr', 'mystery1411')","('mystery1411', 'yourlittlebirdie')",0.052000000000000005,0.052000000000000005
"('BBfan-Jr', 'yourlittlebirdie')","('BBfan-Jr', 'Unhappy_Scratch_9385')","('yourlittlebirdie', 'Unhappy_Scratch_9385')",-0.25600000000000006,0.25600000000000006
"('BBfan-Jr', 'yourlittlebirdie')","('BBfan-Jr', 'Unhappy_Scratch_9385')","('Unhappy_Scratch_9385', 'yourlittlebirdie')",-0.1386666666666667,0.1386666666666667
"('Shifter25', 'dukefan15')","('Shifter25', 'Overton_Glazier')","('dukefan15', 'Overton_Glazier')",0.045,0.045
"('Shifter25', 'dukefan15')","('Shifter25', 'Overton_Glazier')","('Overton_Glazier', 'dukefan15')",0.0,0.0
"('Shifter25', 'dukefan15')","('Shifter25', 'daxter4007')","('daxter4007', 'dukefan15')",-0.06340909090909091,0.06340909090909091
"('Shifter25', 'yourlittlebirdie')","('Shifter25', 'Overton_Glazier')","('yourlittlebirdie', 'Overton_Glazier')",-0.0230625,0.0230625
"('Shifter25', 'yourlittlebirdie')","('Shifter25', 'Overton_Glazier')","('Overton_Glazier', 'yourlittlebirdie')",-0.024107142857142858,0.024107142857142858
"('RIPSyAbleman', 'DeRoeVanZwartePiet')","('RIPSyAbleman', 'CatoblepasQueefs')","('DeRoeVanZwartePiet', 'CatoblepasQueefs')",0.0,0.0
"('RIPSyAbleman', 'kos-or-kosm')","('RIPSyAbleman', 'Major5013')","('kos-or-kosm', 'Major5013')",0.5120000000000001,0.5120000000000001
"('OtherUserCharges', 'Mother_of_Kiddens')","('OtherUserCharges', 'VGAddict')","('Mother_of_Kiddens', 'VGAddict')",-0.048000000000000015,0.048000000000000015
"('ultradav24', 'TopazTriad')","('ultradav24', 'Overton_Glazier')","('TopazTriad', 'Overton_Glazier')",0.0,0.0
"('CombinationSad8742', 'Shifter25')","('CombinationSad8742', 'Overton_Glazier')","('Shifter25', 'Overton_Glazier')",-0.14400000000000002,0.14400000000000002
"('CombinationSad8742', 'Shifter25')","('CombinationSad8742', 'Overton_Glazier')","('Overton_Glazier', 'Shifter25')",-0.024000000000000007,0.024000000000000007
"('CombinationSad8742', 'Overton_Glazier')","('CombinationSad8742', 'Sabiancym')","('Overton_Glazier', 'Sabiancym')",-0.09600000000000003,0.09600000000000003
"('BigManWAGun', 'Ok-Lets-Talk-It-Out')","('BigManWAGun', 'Overton_Glazier')","('Overton_Glazier', 'Ok-Lets-Talk-It-Out')",0.0,0.0
"('tenfolddamage', 'danosaurus1')","('tenfolddamage', 'Unhappy_Scratch_9385')","('Unhappy_Scratch_9385', 'danosaurus1')",0.04000000000000001,0.04000000000000001
"('tenfolddamage', 'Unhappy_Scratch_9385')","('tenfolddamage', 'yourlittlebirdie')","('Unhappy_Scratch_9385', 'yourlittlebirdie')",-0.008666666666666668,0.008666666666666668
"('tenfolddamage', 'Unhappy_Scratch_9385')","('tenfolddamage', 'yourlittlebirdie')","('yourlittlebirdie', 'Unhappy_Scratch_9385')",-0.016000000000000004,0.016000000000000004
"('tenfolddamage', 'Unhappy_Scratch_9385')","('tenfolddamage', 'Forcistus')","('Unhappy_Scratch_9385', 'Forcistus')",0.014000000000000004,0.014000000000000004
"('tenfolddamage', 'Unhappy_Scratch_9385')","('tenfolddamage', 'Forcistus')","('Forcistus', 'Unhappy_Scratch_9385')",0.016000000000000004,0.016000000000000004
"('tenfolddamage', 'yourlittlebirdie')","('tenfolddamage', 'yesrushgenesis2112')","('yesrushgenesis2112', 'yourlittlebirdie')",0.096,0.096
"('tenfolddamage', 'yourlittlebirdie')","('tenfolddamage', 'Forcistus')","('Forcistus', 'yourlittlebirdie')",0.03200000000000001,0.03200000000000001
"('TopazTriad', 'Overton_Glazier')","('TopazTriad', 'Own_Alps_3108')","('Overton_Glazier', 'Own_Alps_3108')",-0.0,0.0
"('TopazTriad', 'Overton_Glazier')","('TopazTriad', 'Own_Alps_3108')","('Own_Alps_3108', 'Overton_Glazier')",-0.0,0.0
"('Forcistus', 'yourlittlebirdie')","('Forcistus', 'saera-targaryen')","('yourlittlebirdie', 'saera-targaryen')",-0.0,0.0
"('Forcistus', 'yourlittlebirdie')","('Forcistus', 'saera-targaryen')","('saera-targaryen', 'yourlittlebirdie')",-0.0,0.0
"('Forcistus', 'yourlittlebirdie')","('Forcistus', 'Unhappy_Scratch_9385')","('yourlittlebirdie', 'Unhappy_Scratch_9385')",-0.12800000000000003,0.12800000000000003
"('Forcistus', 'yourlittlebirdie')","('Forcistus', 'Unhappy_Scratch_9385')","('Unhappy_Scratch_9385', 'yourlittlebirdie')",-0.06933333333333334,0.06933333333333334
"('Forcistus', 'saera-targaryen')","('Forcistus', 'Unhappy_Scratch_9385')","('Unhappy_Scratch_9385', 'saera-targaryen')",0.0,0.0
"('boom929', 'b1llypilgrim')","('boom929', 'Thepearofgreatprice')","('Thepearofgreatprice', 'b1llypilgrim')",0.5120000000000001,0.5120000000000001
"('Cute-Percentage-6660', 'saera-targaryen')","('Cute-Percentage-6660', 'kehakas')","('saera-targaryen', 'kehakas')",0.5760000000000001,0.5760000000000001
"('Cute-Percentage-6660', 'saera-targaryen')","('Cute-Percentage-6660', 'yourlittlebirdie')","('saera-targaryen', 'yourlittlebirdie')",-0.0,0.0
"('Cute-Percentage-6660', 'saera-targaryen')","('Cute-Percentage-6660', 'yourlittlebirdie')","('yourlittlebirdie', 'saera-targaryen')",-0.0,0.0
"('Cute-Percentage-6660', 'saera-targaryen')","('Cute-Percentage-6660', 'lyreluna')","('saera-targaryen', 'lyreluna')",-0.684,0.684
"('SS1989', 'yourlittlebirdie')","('SS1989', 'BBfan-Jr')","('yourlittlebirdie', 'BBfan-Jr')",0.024,0.024
"('SS1989', 'yourlittlebirdie')","('SS1989', 'BBfan-Jr')","('BBfan-Jr', 'yourlittlebirdie')",0.096,0.096
"('franker', 'Gavorn')","('franker', 'mitchconnerrc')","('Gavorn', 'mitchconnerrc')",-0.0,0.0
"('franker', 'Gavorn')","('franker', 'mitchconnerrc')","('mitchconnerrc', 'Gavorn')",-0.0,0.0
"('KorunaCorgi', 'CombinationSad8742')","('KorunaCorgi', 'sereneandeternal')","('sereneandeternal', 'CombinationSad8742')",-0.6400000000000001,0.6400000000000001
"('KorunaCorgi', 'sereneandeternal')","('KorunaCorgi', '--Chug--')","('--Chug--', 'sereneandeternal')",0.16000000000000003,0.16000000000000003
"('daxter4007', 'dukefan15')","('daxter4007', 'Shifter25')","('Shifter25', 'dukefan15')",-0.009,0.009
"('kos-or-kosm', 'Major5013')","('kos-or-kosm', 'RIPSyAbleman')","('RIPSyAbleman', 'Major5013')",0.17600000000000005,0.17600000000000005
"('Thepearofgreatprice', 'boom929')","('Thepearofgreatprice', 'b1llypilgrim')","('boom929', 'b1llypilgrim')",-0.5120000000000001,0.5120000000000001
"('cranberryalarmclock', 'Sabiancym')","('cranberryalarmclock', 'Overton_Glazier')","('Overton_Glazier', 'Sabiancym')",-0.0,0.0
"('notfeelany', 'Sabiancym')","('notfeelany', 'b1llypilgrim')","('Sabiancym', 'b1llypilgrim')",-0.6080000000000001,0.6080000000000001
"('FrogsOnALog', 'Thepearofgreatprice')","('FrogsOnALog', 'b1llypilgrim')","('Thepearofgreatprice', 'b1llypilgrim')",0.5120000000000001,0.5120000000000001
"('chaos_gremlins', 'chaos_gremlins')","('chaos_gremlins', 'TheCervixPounder_69')","('chaos_gremlins', 'TheCervixPounder_69')",-0.5120000000000001,0.5120000000000001
"('chaos_gremlins', 'chaos_gremlins')","('chaos_gremlins', 'TheCervixPounder_69')","('TheCervixPounder_69', 'chaos_gremlins')",0.25600000000000006,0.25600000000000006
"('Hesitation-Marx', 'BTRCguy')","('Hesitation-Marx', 'alucarddrol')","('BTRCguy', 'alucarddrol')",0.0,0.0
"('Hesitation-Marx', 'alucarddrol')","('Hesitation-Marx', 'Ok_Chef_4850')","('Ok_Chef_4850', 'alucarddrol')",-0.024000000000000004,0.024000000000000004
"('Infamous_Employer_85', 'ArchdukeToes')","('Infamous_Employer_85', 'fuzztooth')","('fuzztooth', 'ArchdukeToes')",0.15937500000000002,0.15937500000000002
"('Infamous_Employer_85', 'fuzztooth')","('Infamous_Employer_85', 'Biodiversity1001')","('fuzztooth', 'Biodiversity1001')",0.10499999999999998,0.10499999999999998
"('fuzztooth', 'Infamous_Employer_85')","('fuzztooth', 'ArchdukeToes')","('Infamous_Employer_85', 'ArchdukeToes')",0.1753125,0.1753125
"('fuzztooth', 'Infamous_Employer_85')","('fuzztooth', 'ArchdukeToes')","('ArchdukeToes', 'Infamous_Employer_85')",0.17531249999999998,0.17531249999999998
"('fuzztooth', 'Infamous_Employer_85')","('fuzztooth', 'Biodiversity1001')","('Infamous_Employer_85', 'Biodiversity1001')",0.11549999999999999,0.11549999999999999
"('fuzztooth', 'BTRCguy')","('fuzztooth', 'Biodiversity1001')","('BTRCguy', 'Biodiversity1001')",0.11600000000000002,0.11600000000000002
"('fuzztooth', 'BTRCguy')","('fuzztooth', 'Biodiversity1001')","('Biodiversity1001', 'BTRCguy')",-0.12800000000000003,0.12800000000000003
"('iclimbnaked', 'Objective_Pie8980')","('iclimbnaked', 'suffaluffapussycat')","('Objective_Pie8980', 'suffaluffapussycat')",-0.384,0.384
"('iclimbnaked', 'Objective_Pie8980')","('iclimbnaked', 'suffaluffapussycat')","('suffaluffapussycat', 'Objective_Pie8980')",0.288,0.288
"('Ok_Distance_far', 'Professor-Woo')","('Ok_Distance_far', 'thurbs62')","('Professor-Woo', 'thurbs62')",-0.504,0.504
"('Ok_Distance_far', 'HomoProfessionalis')","('Ok_Distance_far', 'kyngston')","('kyngston', 'HomoProfessionalis')",0.4800000000000001,0.4800000000000001
"('Professor-Woo', 'mcchicken_deathgrip')","('Professor-Woo', '_the_sound')","('_the_sound', 'mcchicken_deathgrip')",0.025,0.025
"('kyngston', 'HomoProfessionalis')","('kyngston', 'Ok_Distance_far')","('HomoProfessionalis', 'Ok_Distance_far')",0.4800000000000001,0.4800000000000001
"('kyngston', 'HomoProfessionalis')","('kyngston', 'Ok_Distance_far')","('Ok_Distance_far', 'HomoProfessionalis')",0.4800000000000001,0.4800000000000001
"('No-Departure-899', 'SeniorDaikon7038')","('No-Departure-899', 'orlinsky')","('SeniorDaikon7038', 'orlinsky')",0.0,0.0
"('No-Departure-899', 'KoBxElucidator')","('No-Departure-899', 'MostHumbleToEverLive')","('MostHumbleToEverLive', 'KoBxElucidator')",0.378,0.378
"('Current_Animator7546', 'forthewatch39')","('Current_Animator7546', 'KoBxElucidator')","('forthewatch39', 'KoBxElucidator')",0.05,0.05
"('Street_Friendship345', 'shoobe01')","('Street_Friendship345', 'HotCaptain120')","('shoobe01', 'HotCaptain120')",0.56,0.56
"('Street_Friendship345', 'shoobe01')","('Street_Friendship345', 'HotCaptain120')","('HotCaptain120', 'shoobe01')",0.525,0.525
"('Street_Friendship345', 'shoobe01')","('Street_Friendship345', 'BioDriver')","('BioDriver', 'shoobe01')",0.525,0.525
"('Street_Friendship345', 'HotCaptain120')","('Street_Friendship345', 'Collador1')","('HotCaptain120', 'Collador1')",-0.6400000000000001,0.6400000000000001
"('Street_Friendship345', 'HotCaptain120')","('Street_Friendship345', 'Collador1')","('Collador1', 'HotCaptain120')",-0.0,0.0
"('Street_Friendship345', 'Current_Animator7546')","('Street_Friendship345', 'JarOfNightmares')","('JarOfNightmares', 'Current_Animator7546')",0.036125,0.036125
"('vriska1', 'Cosmic_Seth')","('vriska1', 'DawnOfHer')","('Cosmic_Seth', 'DawnOfHer')",0.75,0.75
"('Witchgrass', 'vriska1')","('Witchgrass', 'KzooHotGirl00')","('vriska1', 'KzooHotGirl00')",0.04000000000000001,0.04000000000000001
"('Witchgrass', 'vriska1')","('Witchgrass', 'KzooHotGirl00')","('KzooHotGirl00', 'vriska1')",0.04000000000000001,0.04000000000000001
"('HauntedCemetery', 'QbertsRube')","('HauntedCemetery', 'Comfortable-Scar4643')","('Comfortable-Scar4643', 'QbertsRube')",0.6080000000000001,0.6080000000000001
"('HauntedCemetery', 'Comfortable-Scar4643')","('HauntedCemetery', 'GarmaCyro')","('GarmaCyro', 'Comfortable-Scar4643')",0.5120000000000001,0.5120000000000001
"('HauntedCemetery', 'zeusmeister')","('HauntedCemetery', 'stickscall')","('zeusmeister', 'stickscall')",0.68,0.68
"('HauntedCemetery', 'troub')","('HauntedCemetery', 'MagicGrit')","('troub', 'MagicGrit')",0.6885,0.6885
"('HauntedCemetery', 'MagicGrit')","('HauntedCemetery', 'stickscall')","('MagicGrit', 'stickscall')",0.6885,0.6885
"('Comfortable-Scar4643', 'Ralph_hh')","('Comfortable-Scar4643', 'OnDrugsTonight')","('Ralph_hh', 'OnDrugsTonight')",0.722,0.722
"('cy_frame', 'Fairymask')","('cy_frame', 'lavransson')","('Fairymask', 'lavransson')",0.037500000000000006,0.037500000000000006
"('cy_frame', 'thehumongouswalrus')","('cy_frame', 'NotAnotherBlingBlop')","('thehumongouswalrus', 'NotAnotherBlingBlop')",0.16000000000000003,0.16000000000000003
"('Apprehensive-Care20z', 'sportsDude')","('Apprehensive-Care20z', 'BioDriver')","('sportsDude', 'BioDriver')",0.16000000000000003,0.16000000000000003
"('Apprehensive-Care20z', 'MidnightNo1766')","('Apprehensive-Care20z', 'BioDriver')","('MidnightNo1766', 'BioDriver')",-0.6400000000000001,0.6400000000000001
"('TobioOkuma1', 'captainporcupine3')","('TobioOkuma1', 'VaIeth')","('captainporcupine3', 'VaIeth')",0.65025,0.65025
"('DotGroundbreaking50', 'lil_chef77')","('DotGroundbreaking50', 'ianrl337')","('lil_chef77', 'ianrl337')",-0.03200000000000001,0.03200000000000001
"('DotGroundbreaking50', 'lil_chef77')","('DotGroundbreaking50', 'ianrl337')","('ianrl337', 'lil_chef77')",0.008000000000000002,0.008000000000000002
"('timnphilly', 'TintedApostle')","('timnphilly', 'FuriousBuffalo')","('FuriousBuffalo', 'TintedApostle')",-0.6080000000000001,0.6080000000000001
"('JustAnother4848', 'AmericanSahara')","('JustAnother4848', 'Juonmydog')","('AmericanSahara', 'Juonmydog')",-0.06375,0.06375
"('dudushat', 'saera-targaryen')","('dudushat', 'hereslewy')","('hereslewy', 'saera-targaryen')",-0.6460000000000001,0.6460000000000001
"('identifytarget', 'RedPandaExplorer')","('identifytarget', 'EveningAgreeable2516')","('RedPandaExplorer', 'EveningAgreeable2516')",0.5780000000000001,0.5780000000000001
"('hereslewy', 'saera-targaryen')","('hereslewy', 'dudushat')","('dudushat', 'saera-targaryen')",-0.6080000000000001,0.6080000000000001
"('--Chug--', 'SS1989')","('--Chug--', 'sereneandeternal')","('sereneandeternal', 'SS1989')",0.096,0.096
"('--Chug--', 'sereneandeternal')","('--Chug--', 'KorunaCorgi')","('KorunaCorgi', 'sereneandeternal')",0.04000000000000001,0.04000000000000001
"('Mateorabi', 'JournalistRecent1230')","('Mateorabi', 'FreeDarkChocolate')","('FreeDarkChocolate', 'JournalistRecent1230')",0.4800000000000001,0.4800000000000001
"('FreeDarkChocolate', 'UhhBill')","('FreeDarkChocolate', 'NeverLookBothWays')","('UhhBill', 'NeverLookBothWays')",0.23466666666666672,0.23466666666666672
"('FreeDarkChocolate', 'NeverLookBothWays')","('FreeDarkChocolate', 'JournalistRecent1230')","('NeverLookBothWays', 'JournalistRecent1230')",0.22000000000000003,0.22000000000000003
"('FreeDarkChocolate', 'JournalistRecent1230')","('FreeDarkChocolate', 'Mateorabi')","('JournalistRecent1230', 'Mateorabi')",0.0,0.0
"('FreeDarkChocolate', 'JournalistRecent1230')","('FreeDarkChocolate', 'Mateorabi')","('Mateorabi', 'JournalistRecent1230')",0.4800000000000001,0.4800000000000001
"('starmartyr', 'neo_neanderthal')","('starmartyr', 'AsherGray')","('neo_neanderthal', 'AsherGray')",0.72675,0.72675
"('starmartyr', 'neo_neanderthal')","('starmartyr', 'CalamityClambake')","('CalamityClambake', 'neo_neanderthal')",0.544,0.544
"('CalamityClambake', 'starmartyr')","('CalamityClambake', 'neo_neanderthal')","('starmartyr', 'neo_neanderthal')",0.6120000000000001,0.6120000000000001
"('Frowny575', 'starmartyr')","('Frowny575', 'AsherGray')","('starmartyr', 'AsherGray')",0.6480000000000001,0.6480000000000001
"('Frowny575', 'starmartyr')","('Frowny575', 'AsherGray')","('AsherGray', 'starmartyr')",0.6480000000000001,0.6480000000000001
"('gibbenskd', 'SpaceMonkeyMafiaBoss')","('gibbenskd', 'gibbenskd')","('SpaceMonkeyMafiaBoss', 'gibbenskd')",0.19200000000000003,0.19200000000000003
"('gibbenskd', 'SpaceMonkeyMafiaBoss')","('gibbenskd', 'gibbenskd')","('gibbenskd', 'SpaceMonkeyMafiaBoss')",0.5120000000000002,0.5120000000000002
"('gibbenskd', 'a_talking_face')","('gibbenskd', 'gibbenskd')","('a_talking_face', 'gibbenskd')",0.31,0.31
"('gibbenskd', 'a_talking_face')","('gibbenskd', 'gibbenskd')","('gibbenskd', 'a_talking_face')",0.2,0.2
"('gibbenskd', 'Fearlessleader85')","('gibbenskd', 'gibbenskd')","('Fearlessleader85', 'gibbenskd')",0.42,0.42
"('gibbenskd', 'Fearlessleader85')","('gibbenskd', 'gibbenskd')","('gibbenskd', 'Fearlessleader85')",0.496125,0.496125
"('L1QU1DF1R3', 'Knightforlife')","('L1QU1DF1R3', 'batmessiah')","('Knightforlife', 'batmessiah')",0.8075,0.8075
"('FeelsGrimMan', 'forthewatch39')","('FeelsGrimMan', 'KoBxElucidator')","('forthewatch39', 'KoBxElucidator')",0.04000000000000001,0.04000000000000001
"('FeelsGrimMan', 'No-Departure-899')","('FeelsGrimMan', 'KoBxElucidator')","('No-Departure-899', 'KoBxElucidator')",0.11200000000000002,0.11200000000000002
"('FeelsGrimMan', 'No-Departure-899')","('FeelsGrimMan', 'KoBxElucidator')","('KoBxElucidator', 'No-Departure-899')",0.136,0.136
"('Individual_Respect90', 'kundehotze')","('Individual_Respect90', 'mcchicken_deathgrip')","('kundehotze', 'mcchicken_deathgrip')",0.34800000000000003,0.34800000000000003
"('Individual_Respect90', 'kundehotze')","('Individual_Respect90', 'mcchicken_deathgrip')","('mcchicken_deathgrip', 'kundehotze')",0.08700000000000001,0.08700000000000001
"('Individual_Respect90', 'kundehotze')","('Individual_Respect90', '_the_sound')","('_the_sound', 'kundehotze')",0.03,0.03
"('Individual_Respect90', 'mcchicken_deathgrip')","('Individual_Respect90', '_the_sound')","('_the_sound', 'mcchicken_deathgrip')",0.0453125,0.0453125
"('kundehotze', 'mcchicken_deathgrip')","('kundehotze', 'WalterPecky')","('WalterPecky', 'mcchicken_deathgrip')",0.5120000000000001,0.5120000000000001
"('mcchicken_deathgrip', 'Individual_Respect90')","('mcchicken_deathgrip', 'kundehotze')","('Individual_Respect90', 'kundehotze')",-0.09600000000000002,0.09600000000000002
"('_the_sound', 'mcchicken_deathgrip')","('_the_sound', 'Individual_Respect90')","('mcchicken_deathgrip', 'Individual_Respect90')",-0.12,0.12
"('_the_sound', 'mcchicken_deathgrip')","('_the_sound', 'Individual_Respect90')","('Individual_Respect90', 'mcchicken_deathgrip')",0.10875,0.10875
"('_the_sound', 'mcchicken_deathgrip')","('_the_sound', 'Professor-Woo')","('mcchicken_deathgrip', 'Professor-Woo')",0.0375,0.0375
"('_the_sound', 'mcchicken_deathgrip')","('_the_sound', 'Professor-Woo')","('Professor-Woo', 'mcchicken_deathgrip')",0.03125,0.03125
"('_the_sound', 'mcchicken_deathgrip')","('_the_sound', 'kundehotze')","('mcchicken_deathgrip', 'kundehotze')",0.010000000000000002,0.010000000000000002
"('_the_sound', 'mcchicken_deathgrip')","('_the_sound', 'kundehotze')","('kundehotze', 'mcchicken_deathgrip')",0.04000000000000001,0.04000000000000001
"('_the_sound', 'mcchicken_deathgrip')","('_the_sound', 'YoungestJimbo')","('mcchicken_deathgrip', 'YoungestJimbo')",0.05,0.05
"('_the_sound', 'mcchicken_deathgrip')","('_the_sound', 'YoungestJimbo')","('YoungestJimbo', 'mcchicken_deathgrip')",-0.0625,0.0625
"('_the_sound', 'Individual_Respect90')","('_the_sound', 'kundehotze')","('Individual_Respect90', 'kundehotze')",0.072,0.072
"('quotidianwoe', 'Background_Cry3592')","('quotidianwoe', 'ImaginationToForm2')","('Background_Cry3592', 'ImaginationToForm2')",0.56,0.56
"('quotidianwoe', 'Background_Cry3592')","('quotidianwoe', 'ImaginationToForm2')","('ImaginationToForm2', 'Background_Cry3592')",0.5760000000000001,0.5760000000000001
"('letstourthemaritimes', 'Ianthin1')","('letstourthemaritimes', 'PaddleFishBum')","('Ianthin1', 'PaddleFishBum')",0.5120000000000001,0.5120000000000001
"('letstourthemaritimes', 'Ianthin1')","('letstourthemaritimes', 'PaddleFishBum')","('PaddleFishBum', 'Ianthin1')",0.5120000000000001,0.5120000000000001
"('PaddleFishBum', 'letstourthemaritimes')","('PaddleFishBum', 'Ianthin1')","('letstourthemaritimes', 'Ianthin1')",0.4960000000000001,0.4960000000000001
"('TrashApocalypse', 'IJustLoggedInToSay-')","('TrashApocalypse', 'Old_Cryptid')","('Old_Cryptid', 'IJustLoggedInToSay-')",0.08399999999999999,0.08399999999999999
"('jonnyredshorts', 'AINonsense')","('jonnyredshorts', 'VexedCanadian84')","('AINonsense', 'VexedCanadian84')",0.17106249999999998,0.17106249999999998
"('PokeYrMomStanley', 'aj9393')","('PokeYrMomStanley', 'OnDrugsTonight')","('aj9393', 'OnDrugsTonight')",0.6120000000000001,0.6120000000000001
"('PokeYrMomStanley', 'ShamrockAPD')","('PokeYrMomStanley', 'OnDrugsTonight')","('ShamrockAPD', 'OnDrugsTonight')",0.5780000000000001,0.5780000000000001
"('know-your-onions', 'teX_ray')","('know-your-onions', 'BTRCguy')","('teX_ray', 'BTRCguy')",0.5120000000000001,0.5120000000000001
"('WhoIsFrancisPuziene', 'kaytin911')","('WhoIsFrancisPuziene', 'adorientem88')","('kaytin911', 'adorientem88')",0.44799999999999995,0.44799999999999995
"('PPvsFC_', 'Hesitation-Marx')","('PPvsFC_', 'Ok_Chef_4850')","('Hesitation-Marx', 'Ok_Chef_4850')",0.042,0.042
"('HB_of_PI', 'EmployAltruistic647')","('HB_of_PI', 'Apprehensive-Quit353')","('EmployAltruistic647', 'Apprehensive-Quit353')",0.5760000000000001,0.5760000000000001
"('HB_of_PI', '1ccRun')","('HB_of_PI', 'PurZaer')","('PurZaer', '1ccRun')",-0.12800000000000003,0.12800000000000003
"('mightcommentsometime', 'Simmery')","('mightcommentsometime', 'CoyoteTheGreat')","('CoyoteTheGreat', 'Simmery')",0.36750000000000005,0.36750000000000005
"('EmployAltruistic647', 'HB_of_PI')","('EmployAltruistic647', 'Apprehensive-Quit353')","('HB_of_PI', 'Apprehensive-Quit353')",-0.36000000000000004,0.36000000000000004
"('EmployAltruistic647', 'HB_of_PI')","('EmployAltruistic647', 'Apprehensive-Quit353')","('Apprehensive-Quit353', 'HB_of_PI')",0.08000000000000002,0.08000000000000002
"('DohRayMeme', 'HB_of_PI')","('DohRayMeme', 'IveGotsTheRemedi')","('IveGotsTheRemedi', 'HB_of_PI')",-0.11199999999999999,0.11199999999999999
"('CoyoteTheGreat', 'Simmery')","('CoyoteTheGreat', 'mightcommentsometime')","('Simmery', 'mightcommentsometime')",-0.3360000000000001,0.3360000000000001
"('CoyoteTheGreat', 'Simmery')","('CoyoteTheGreat', 'mightcommentsometime')","('mightcommentsometime', 'Simmery')",-0.56,0.56
"('Initial_Chemist_7616', 'areappreciated')","('Initial_Chemist_7616', 'aslan_is_on_the_move')","('aslan_is_on_the_move', 'areappreciated')",-0.16000000000000003,0.16000000000000003
"('aslan_is_on_the_move', 'Initial_Chemist_7616')","('aslan_is_on_the_move', 'areappreciated')","('Initial_Chemist_7616', 'areappreciated')",-0.5120000000000001,0.5120000000000001
"('lyrae', 'Initial_Chemist_7616')","('lyrae', 'aslan_is_on_the_move')","('Initial_Chemist_7616', 'aslan_is_on_the_move')",-0.16000000000000003,0.16000000000000003
"('lyrae', 'Initial_Chemist_7616')","('lyrae', 'aslan_is_on_the_move')","('aslan_is_on_the_move', 'Initial_Chemist_7616')",-0.5120000000000001,0.5120000000000001
"('HawkeyeSherman', 'Pofwoffle')","('HawkeyeSherman', 'Equivalent-Stand1674')","('Pofwoffle', 'Equivalent-Stand1674')",0.16000000000000003,0.16000000000000003
"('HawkeyeSherman', 'Pofwoffle')","('HawkeyeSherman', 'Equivalent-Stand1674')","('Equivalent-Stand1674', 'Pofwoffle')",0.08000000000000002,0.08000000000000002
"('Stereo_Jungle_Child', 'WildGuarantee4927')","('Stereo_Jungle_Child', 'Colonel_Gentleman')","('WildGuarantee4927', 'Colonel_Gentleman')",0.5120000000000001,0.5120000000000001
"('soros_spelt_backward', 'OldGaffer66')","('soros_spelt_backward', 'soros_spelt_backward')","('soros_spelt_backward', 'OldGaffer66')",0.5120000000000001,0.5120000000000001
"('suchasillydilly', 'hauteairballoon')","('suchasillydilly', 'Shot_Pool2543')","('Shot_Pool2543', 'hauteairballoon')",0.6120000000000001,0.6120000000000001
"('thisusedyet', 'Recent_Tap_9467')","('thisusedyet', 'Rich_Birthday_1884')","('Recent_Tap_9467', 'Rich_Birthday_1884')",-0.4175999999999999,0.4175999999999999
"('thisusedyet', 'Recent_Tap_9467')","('thisusedyet', 'Rich_Birthday_1884')","('Rich_Birthday_1884', 'Recent_Tap_9467')",-0.3072,0.3072
"('Rich_Birthday_1884', 'thisusedyet')","('Rich_Birthday_1884', 'Recent_Tap_9467')","('thisusedyet', 'Recent_Tap_9467')",0.1408,0.1408
"('Shot_Pool2543', 'hauteairballoon')","('Shot_Pool2543', 'suchasillydilly')","('suchasillydilly', 'hauteairballoon')",0.544,0.544
"('Tropicaldaze1950', 'Dyrogitory')","('Tropicaldaze1950', 'suchasillydilly')","('Dyrogitory', 'suchasillydilly')",0.28500000000000003,0.28500000000000003
"('WeirdBeerd', 'Sanator27')","('WeirdBeerd', 'mousebluud')","('Sanator27', 'mousebluud')",0.5120000000000001,0.5120000000000001
"('zernoc56', 'Lord_Of_Shade57')","('zernoc56', 'thatnameagain')","('Lord_Of_Shade57', 'thatnameagain')",-0.0,0.0
"('zernoc56', 'Lord_Of_Shade57')","('zernoc56', 'thatnameagain')","('thatnameagain', 'Lord_Of_Shade57')",0.30000000000000004,0.30000000000000004
"('Many_Negotiation_464', '34Bard')","('Many_Negotiation_464', 'thatnameagain')","('thatnameagain', '34Bard')",0.06909090909090909,0.06909090909090909
"('Many_Negotiation_464', 'Willem_Dafuq')","('Many_Negotiation_464', 'jhonka_')","('jhonka_', 'Willem_Dafuq')",-0.08266666666666667,0.08266666666666667
"('BlindWillieJohnson', 'superbad')","('BlindWillieJohnson', 'VaIeth')","('VaIeth', 'superbad')",-0.5120000000000001,0.5120000000000001
"('LickMyTicker', 'Many_Negotiation_464')","('LickMyTicker', 'LotusFlare')","('LotusFlare', 'Many_Negotiation_464')",0.0231,0.0231
"('jhonka_', 'Willem_Dafuq')","('jhonka_', 'Many_Negotiation_464')","('Many_Negotiation_464', 'Willem_Dafuq')",-0.29140000000000005,0.29140000000000005
"('Important_Dark_9164', 'caligaris_cabinet')","('Important_Dark_9164', 'teddytwelvetoes')","('caligaris_cabinet', 'teddytwelvetoes')",-0.04250000000000001,0.04250000000000001
"('Important_Dark_9164', 'caligaris_cabinet')","('Important_Dark_9164', 'Mavian23')","('Mavian23', 'caligaris_cabinet')",-0.04000000000000001,0.04000000000000001
"('Sminahin', 'AmrokMC')","('Sminahin', 'DotGroundbreaking50')","('DotGroundbreaking50', 'AmrokMC')",0.17,0.17
"('IveGotsTheRemedi', 'HB_of_PI')","('IveGotsTheRemedi', 'DohRayMeme')","('HB_of_PI', 'DohRayMeme')",-0.12800000000000003,0.12800000000000003
"('IveGotsTheRemedi', 'HB_of_PI')","('IveGotsTheRemedi', 'DohRayMeme')","('DohRayMeme', 'HB_of_PI')",-0.12800000000000003,0.12800000000000003
"('Sea_Rabbit6131', 'Fairymask')","('Sea_Rabbit6131', 'lavransson')","('Fairymask', 'lavransson')",-0.05,0.05
"('Ozcolllo', 'drmirage809')","('Ozcolllo', 'Ketzeph')","('Ketzeph', 'drmirage809')",0.12000000000000002,0.12000000000000002
"('Ozcolllo', 'Ketzeph')","('Ozcolllo', 'Joshd30')","('Ketzeph', 'Joshd30')",0.12,0.12
"('Ketzeph', 'JayHill74')","('Ketzeph', 'iheartanalingus')","('JayHill74', 'iheartanalingus')",0.05333333333333334,0.05333333333333334
"('Ketzeph', 'JayHill74')","('Ketzeph', 'iheartanalingus')","('iheartanalingus', 'JayHill74')",0.21333333333333335,0.21333333333333335
"('JayHill74', 'Ketzeph')","('JayHill74', 'iheartanalingus')","('Ketzeph', 'iheartanalingus')",0.12533333333333335,0.12533333333333335
"('JayHill74', 'Ketzeph')","('JayHill74', 'iheartanalingus')","('iheartanalingus', 'Ketzeph')",0.03133333333333334,0.03133333333333334
"('iheartanalingus', 'Ketzeph')","('iheartanalingus', 'JayHill74')","('Ketzeph', 'JayHill74')",0.053333333333333344,0.053333333333333344
"('iheartanalingus', 'Ketzeph')","('iheartanalingus', 'JayHill74')","('JayHill74', 'Ketzeph')",0.12533333333333335,0.12533333333333335
"('somethrows', 'Subject-Whole-6862')","('somethrows', 'somethrows')","('somethrows', 'Subject-Whole-6862')",0.4800000000000001,0.4800000000000001
"('thethehead', 'KronkLaSworda')","('thethehead', 'Turioturen')","('Turioturen', 'KronkLaSworda')",-0.12,0.12
"('Turioturen', 'thethehead')","('Turioturen', 'KronkLaSworda')","('thethehead', 'KronkLaSworda')",-0.384,0.384
"('Aranxi_89', 'Background_Cry3592')","('Aranxi_89', 'nhluhr')","('nhluhr', 'Background_Cry3592')",0.384,0.384
"('Aranxi_89', 'Silverspeed85')","('Aranxi_89', 'orion19819')","('Silverspeed85', 'orion19819')",0.544,0.544
"('Aranxi_89', 'Bebopdavidson')","('Aranxi_89', 'SPARKYLOBO')","('SPARKYLOBO', 'Bebopdavidson')",0.0,0.0
"('SPARKYLOBO', 'Bebopdavidson')","('SPARKYLOBO', 'Aranxi_89')","('Aranxi_89', 'Bebopdavidson')",0.03200000000000001,0.03200000000000001
"('nhluhr', 'Background_Cry3592')","('nhluhr', 'Aranxi_89')","('Aranxi_89', 'Background_Cry3592')",0.384,0.384
"('RedWhiteChill', 'kos-or-kosm')","('RedWhiteChill', 'Major5013')","('kos-or-kosm', 'Major5013')",0.5120000000000001,0.5120000000000001
"('RedWhiteChill', 'TemporarySun314')","('RedWhiteChill', 'Major5013')","('TemporarySun314', 'Major5013')",0.17,0.17
"('acute_dilemma99', 'Unhappy_Scratch_9385')","('acute_dilemma99', 'Hiddenagenda876')","('Unhappy_Scratch_9385', 'Hiddenagenda876')",0.4960000000000001,0.4960000000000001
"('Trombophonium', 'SausageClatter')","('Trombophonium', 'accruedainterest')","('SausageClatter', 'accruedainterest')",0.0,0.0
"('philosoraptocopter', 'Shifter25')","('philosoraptocopter', 'yourlittlebirdie')","('Shifter25', 'yourlittlebirdie')",-0.14400000000000004,0.14400000000000004
"('philosoraptocopter', 'Shifter25')","('philosoraptocopter', 'yourlittlebirdie')","('yourlittlebirdie', 'Shifter25')",-0.3946666666666668,0.3946666666666668
"('StatmanIbrahimovic', 'JA_MD_311')","('StatmanIbrahimovic', 'EMAW2008')","('JA_MD_311', 'EMAW2008')",0.010666666666666668,0.010666666666666668
"('JA_MD_311', 'EMAW2008')","('JA_MD_311', 'StatmanIbrahimovic')","('EMAW2008', 'StatmanIbrahimovic')",0.0,0.0
"('JA_MD_311', 'EMAW2008')","('JA_MD_311', 'StatmanIbrahimovic')","('StatmanIbrahimovic', 'EMAW2008')",0.048,0.048
"('JA_MD_311', 'EMAW2008')","('JA_MD_311', 'Purify5')","('Purify5', 'EMAW2008')",-0.0,0.0
"('RoxyFan2001', 'AINonsense')","('RoxyFan2001', 'HotPersimessage62')","('AINonsense', 'HotPersimessage62')",-0.384,0.384
"('AINonsense', 'HotPersimessage62')","('AINonsense', 'RoxyFan2001')","('HotPersimessage62', 'RoxyFan2001')",-0.12800000000000003,0.12800000000000003
"('AINonsense', 'HotPersimessage62')","('AINonsense', 'RoxyFan2001')","('RoxyFan2001', 'HotPersimessage62')",-0.12800000000000003,0.12800000000000003
"('AINonsense', 'VexedCanadian84')","('AINonsense', 'jonnyredshorts')","('VexedCanadian84', 'jonnyredshorts')",0.119,0.119
"('AINonsense', 'VexedCanadian84')","('AINonsense', 'jonnyredshorts')","('jonnyredshorts', 'VexedCanadian84')",0.312375,0.312375
"('BigBangAssBanger_3D', 'blues111')","('BigBangAssBanger_3D', 'TintedApostle')","('blues111', 'TintedApostle')",0.12,0.12
"('BigBangAssBanger_3D', 'blues111')","('BigBangAssBanger_3D', 'TintedApostle')","('TintedApostle', 'blues111')",0.48,0.48
"('OhGodSoManyQuestions', 'duyogurt')","('OhGodSoManyQuestions', 'acexprt')","('duyogurt', 'acexprt')",0.5120000000000001,0.5120000000000001
"('OhGodSoManyQuestions', 'duyogurt')","('OhGodSoManyQuestions', 'acexprt')","('acexprt', 'duyogurt')",0.5120000000000001,0.5120000000000001
"('OhGodSoManyQuestions', 'duyogurt')","('OhGodSoManyQuestions', 'Interesting-Risk6446')","('duyogurt', 'Interesting-Risk6446')",0.0,0.0
"('OhGodSoManyQuestions', 'duyogurt')","('OhGodSoManyQuestions', 'tino_tortellini')","('tino_tortellini', 'duyogurt')",-0.6400000000000001,0.6400000000000001
"('specialkk77', 'OpheliaRainGalaxy')","('specialkk77', 'maximumdownvote')","('maximumdownvote', 'OpheliaRainGalaxy')",0.288,0.288
"('acexprt', 'OhGodSoManyQuestions')","('acexprt', 'duyogurt')","('OhGodSoManyQuestions', 'duyogurt')",0.5120000000000001,0.5120000000000001
"('maximumdownvote', 'specialkk77')","('maximumdownvote', 'OpheliaRainGalaxy')","('specialkk77', 'OpheliaRainGalaxy')",0.28800000000000003,0.28800000000000003
"('maximumdownvote', 'Girls4super')","('maximumdownvote', 'OpheliaRainGalaxy')","('Girls4super', 'OpheliaRainGalaxy')",0.360375,0.360375
"('maximumdownvote', 'Girls4super')","('maximumdownvote', 'OpheliaRainGalaxy')","('OpheliaRainGalaxy', 'Girls4super')",0.33712499999999995,0.33712499999999995
"('Dr-DDT', 'LegitimateMoney00')","('Dr-DDT', 'Summerie')","('Summerie', 'LegitimateMoney00')",-0.04250000000000001,0.04250000000000001
"('Summerie', 'LegitimateMoney00')","('Summerie', 'Dr-DDT')","('LegitimateMoney00', 'Dr-DDT')",0.052500000000000005,0.052500000000000005
"('Summerie', 'LegitimateMoney00')","('Summerie', 'Dr-DDT')","('Dr-DDT', 'LegitimateMoney00')",0.14875,0.14875
"('Choppers-Top-Hat', 'ThunorBolt')","('Choppers-Top-Hat', 'Dangerous-Crow7494')","('Dangerous-Crow7494', 'ThunorBolt')",0.19,0.19
"('thelionsmouth', 'StoppableHulk')","('thelionsmouth', 'ExplosiveDisassembly')","('StoppableHulk', 'ExplosiveDisassembly')",0.45599999999999996,0.45599999999999996
"('thelionsmouth', 'Kinetic93')","('thelionsmouth', 'ExplosiveDisassembly')","('ExplosiveDisassembly', 'Kinetic93')",0.21600000000000003,0.21600000000000003
"('thelionsmouth', 'Pravusmentis')","('thelionsmouth', 'ExplosiveDisassembly')","('Pravusmentis', 'ExplosiveDisassembly')",0.096,0.096
"('AceofKnaves44', 'MyNameIsRay')","('AceofKnaves44', 'ElysiumSprouts')","('MyNameIsRay', 'ElysiumSprouts')",0.6080000000000001,0.6080000000000001
"('urlach3r', 'jvn1983')","('urlach3r', 'peoplemagazine')","('jvn1983', 'peoplemagazine')",-0.6480000000000001,0.6480000000000001
"('jvn1983', 'peoplemagazine')","('jvn1983', 'urlach3r')","('urlach3r', 'peoplemagazine')",-0.6120000000000001,0.6120000000000001
"('chrispg26', 'jwright4105')","('chrispg26', 'Acceptable-Bus-2017')","('jwright4105', 'Acceptable-Bus-2017')",-0.44799999999999995,0.44799999999999995
"('chrispg26', 'jwright4105')","('chrispg26', 'Acceptable-Bus-2017')","('Acceptable-Bus-2017', 'jwright4105')",0.0,0.0
"('defneverconsidered', 'armcie')","('defneverconsidered', 'Alu_sine')","('armcie', 'Alu_sine')",0.12800000000000003,0.12800000000000003
"('defneverconsidered', 'armcie')","('defneverconsidered', 'Alu_sine')","('Alu_sine', 'armcie')",0.04000000000000001,0.04000000000000001
"('FauxReal', 'HolySmokes802')","('FauxReal', 'pterribledactyls')","('HolySmokes802', 'pterribledactyls')",-0.5120000000000001,0.5120000000000001
"('Mindless-Football-99', 'moomooraincloud')","('Mindless-Football-99', 'doyouevenIift')","('moomooraincloud', 'doyouevenIift')",0.0,0.0
"('ChinDeLonge', 'Infamous_Employer_85')","('ChinDeLonge', 'gGfsF5Sz2')","('Infamous_Employer_85', 'gGfsF5Sz2')",0.5120000000000001,0.5120000000000001
"('warm_sweater', 'Ralph_hh')","('warm_sweater', 'OnDrugsTonight')","('Ralph_hh', 'OnDrugsTonight')",0.722,0.722
"('3dFunGuy', 'PatchyWhiskers')","('3dFunGuy', 'ImTheTroutman')","('PatchyWhiskers', 'ImTheTroutman')",-0.03200000000000001,0.03200000000000001
"('Zahgi', 'sportsDude')","('Zahgi', 'Azmoten')","('Azmoten', 'sportsDude')",0.54,0.54
"('lexm', 'OnDrugsTonight')","('lexm', 'Ancient_Popcorn')","('OnDrugsTonight', 'Ancient_Popcorn')",0.0,0.0
"('yesrushgenesis2112', 'yourlittlebirdie')","('yesrushgenesis2112', 'Julian81295')","('yourlittlebirdie', 'Julian81295')",-0.38400000000000006,0.38400000000000006
"('yesrushgenesis2112', 'yourlittlebirdie')","('yesrushgenesis2112', 'Julian81295')","('Julian81295', 'yourlittlebirdie')",-0.5120000000000001,0.5120000000000001
"('yesrushgenesis2112', 'yourlittlebirdie')","('yesrushgenesis2112', 'ConvivialityFest')","('ConvivialityFest', 'yourlittlebirdie')",0.07600000000000001,0.07600000000000001
"('yesrushgenesis2112', 'yourlittlebirdie')","('yesrushgenesis2112', 'tenfolddamage')","('tenfolddamage', 'yourlittlebirdie')",0.08400000000000002,0.08400000000000002
"('Embarrassed_Jerk', 'IFHelper')","('Embarrassed_Jerk', 'adrr')","('IFHelper', 'adrr')",0.12800000000000003,0.12800000000000003
"('Embarrassed_Jerk', 'IFHelper')","('Embarrassed_Jerk', 'adrr')","('adrr', 'IFHelper')",0.12800000000000003,0.12800000000000003
"('rasa2013', 'filmantopia')","('rasa2013', 'Embarrassed_Jerk')","('filmantopia', 'Embarrassed_Jerk')",-0.036,0.036
"('dagetty', 'Embarrassed_Jerk')","('dagetty', 'dagetty')","('dagetty', 'Embarrassed_Jerk')",0.6885,0.6885
"('kodaxmax', 'StuffedInABoxx')","('kodaxmax', 'VampirateV')","('VampirateV', 'StuffedInABoxx')",0.09,0.09
"('HyruleSmash855', 'intub8ed')","('HyruleSmash855', 'frenchezz')","('intub8ed', 'frenchezz')",0.10500000000000001,0.10500000000000001
"('few23', 'Kordiana')","('few23', 'few23')","('few23', 'Kordiana')",0.5120000000000001,0.5120000000000001
"('few23', 'SomeGuyNamedPaul')","('few23', 'few23')","('few23', 'SomeGuyNamedPaul')",0.5120000000000001,0.5120000000000001
"('PlacidDrugs', 'eirinne')","('PlacidDrugs', 'HeyImGilly')","('eirinne', 'HeyImGilly')",0.42000000000000004,0.42000000000000004
"('dullship', 'AnOnlineHandle')","('dullship', 'zeusmeister')","('AnOnlineHandle', 'zeusmeister')",0.81225,0.81225
"('ATLfalcons27', 'addctd2badideas')","('ATLfalcons27', 'zeusmeister')","('addctd2badideas', 'zeusmeister')",0.036000000000000004,0.036000000000000004
"('CajunRoyalty', 'fross370')","('CajunRoyalty', 'Taskerst')","('fross370', 'Taskerst')",0.6000000000000001,0.6000000000000001
"('Riot1990', 'ianrl337')","('Riot1990', 'FartyJizzums')","('FartyJizzums', 'ianrl337')",0.0,0.0
"('FrozenBibitte', 'bellj1210')","('FrozenBibitte', 'zeusmeister')","('bellj1210', 'zeusmeister')",0.722,0.722
"('curtcollins825', 'AnOnlineHandle')","('curtcollins825', 'zeusmeister')","('AnOnlineHandle', 'zeusmeister')",0.5760000000000002,0.5760000000000002
"('AmIWhatTheRockCooked', 'Suitable-Display-410')","('AmIWhatTheRockCooked', 'Forward_Eye5420')","('Forward_Eye5420', 'Suitable-Display-410')",0.68,0.68
"('OneRacoonShort', 'Kana515')","('OneRacoonShort', 'hfxRos')","('Kana515', 'hfxRos')",0.25600000000000006,0.25600000000000006
"('Alarming_invitation', 'BlueAndYellowTowels')","('Alarming_invitation', 'sirgrogu12')","('BlueAndYellowTowels', 'sirgrogu12')",0.12,0.12
"('LotusFlare', 'LickMyTicker')","('LotusFlare', 'Many_Negotiation_464')","('LickMyTicker', 'Many_Negotiation_464')",-0.0616,0.0616
"('LotusFlare', 'LickMyTicker')","('LotusFlare', 'Many_Negotiation_464')","('Many_Negotiation_464', 'LickMyTicker')",-0.22145454545454546,0.22145454545454546
"('Critic76', 'DulceEtDecorumEst')","('Critic76', 'randomnighmare')","('randomnighmare', 'DulceEtDecorumEst')",0.16000000000000003,0.16000000000000003
"('randomnighmare', 'Critic76')","('randomnighmare', 'DulceEtDecorumEst')","('Critic76', 'DulceEtDecorumEst')",0.12800000000000003,0.12800000000000003
"('sleepymeowth052', 'shouldbepracticing85')","('sleepymeowth052', 'Flomo420')","('shouldbepracticing85', 'Flomo420')",0.544,0.544
"('ZephyrProductionsO7S', 'FartyJizzums')","('ZephyrProductionsO7S', 'ZephyrProductionsO7S')","('ZephyrProductionsO7S', 'FartyJizzums')",0.0,0.0
"('ZephyrProductionsO7S', 'VergeThySinus')","('ZephyrProductionsO7S', 'ZephyrProductionsO7S')","('VergeThySinus', 'ZephyrProductionsO7S')",0.605625,0.605625
"('ZephyrProductionsO7S', 'VergeThySinus')","('ZephyrProductionsO7S', 'ZephyrProductionsO7S')","('ZephyrProductionsO7S', 'VergeThySinus')",0.686375,0.686375
"('ZephyrProductionsO7S', 'tweakingforjesus')","('ZephyrProductionsO7S', 'ZephyrProductionsO7S')","('tweakingforjesus', 'ZephyrProductionsO7S')",0.57,0.57
"('ZephyrProductionsO7S', 'tweakingforjesus')","('ZephyrProductionsO7S', 'ZephyrProductionsO7S')","('ZephyrProductionsO7S', 'tweakingforjesus')",0.5343749999999999,0.5343749999999999
"('ZephyrProductionsO7S', 'Secular_Cleric')","('ZephyrProductionsO7S', 'ZephyrProductionsO7S')","('Secular_Cleric', 'ZephyrProductionsO7S')",-0.003562499999999997,0.003562499999999997
"('ZephyrProductionsO7S', 'Secular_Cleric')","('ZephyrProductionsO7S', 'ZephyrProductionsO7S')","('ZephyrProductionsO7S', 'Secular_Cleric')",0.0010555555555555537,0.0010555555555555537
"('intub8ed', 'frenchezz')","('intub8ed', 'HyruleSmash855')","('frenchezz', 'HyruleSmash855')",0.268,0.268
"('intub8ed', 'frenchezz')","('intub8ed', 'HyruleSmash855')","('HyruleSmash855', 'frenchezz')",0.21000000000000002,0.21000000000000002
"('Organic-Class-8537', 'ReturnOfNogginboink')","('Organic-Class-8537', 'AmrokMC')","('ReturnOfNogginboink', 'AmrokMC')",0.544,0.544
"('Organic-Class-8537', 'Tundraspin')","('Organic-Class-8537', 'AmrokMC')","('Tundraspin', 'AmrokMC')",-0.38400000000000006,0.38400000000000006
"('playfulmessenger', 'Adventurous-Tone-311')","('playfulmessenger', 'Athleticsbaby')","('Adventurous-Tone-311', 'Athleticsbaby')",-0.14400000000000002,0.14400000000000002
"('redassedchimp', 'MyNameIsRay')","('redassedchimp', 'ElysiumSprouts')","('MyNameIsRay', 'ElysiumSprouts')",0.767125,0.767125
"('SecularMisanthropy', 'redassedchimp')","('SecularMisanthropy', 'ElysiumSprouts')","('redassedchimp', 'ElysiumSprouts')",0.686375,0.686375
"('YourFreeCorrection', 'Desperate_Bite_7538')","('YourFreeCorrection', 'Disastrous_Debt6883')","('Desperate_Bite_7538', 'Disastrous_Debt6883')",-0.36000000000000004,0.36000000000000004
"('lithaborn', 'OuterSpaceBootyHole')","('lithaborn', 'orion19819')","('OuterSpaceBootyHole', 'orion19819')",0.0,0.0
"('OuterSpaceBootyHole', 'orion19819')","('OuterSpaceBootyHole', 'lithaborn')","('lithaborn', 'orion19819')",0.0,0.0
"('freedomwider', 'General-Raspberry168')","('freedomwider', 'j0yfulLivinG')","('General-Raspberry168', 'j0yfulLivinG')",0.096,0.096
"('PoliticalNerdMa', 'PrinceSerdic')","('PoliticalNerdMa', 'MyNameIsRay')","('MyNameIsRay', 'PrinceSerdic')",0.0,0.0
"('PoliticalNerdMa', 'MyNameIsRay')","('PoliticalNerdMa', 'ElysiumSprouts')","('MyNameIsRay', 'ElysiumSprouts')",0.6080000000000001,0.6080000000000001
"('Fiernen699', 'PopPalsUnited')","('Fiernen699', 'Background_Cry3592')","('Background_Cry3592', 'PopPalsUnited')",-0.8122499999999999,0.8122499999999999
"('ribosometronome', 'Sixo')","('ribosometronome', 'DotGroundbreaking50')","('Sixo', 'DotGroundbreaking50')",0.008000000000000002,0.008000000000000002
"('KingBanhammer', 'RecduRecsu')","('KingBanhammer', 'boston_homo')","('RecduRecsu', 'boston_homo')",0.5760000000000001,0.5760000000000001
"('RobutNotRobot', 'alienbringer')","('RobutNotRobot', 'UnhappyExchange9766')","('alienbringer', 'UnhappyExchange9766')",-0.384,0.384
"('MuffinMan4Lyfe', 'Ok_Efficiency_3416')","('MuffinMan4Lyfe', 'tiggie_7')","('Ok_Efficiency_3416', 'tiggie_7')",-0.29866666666666675,0.29866666666666675
"('MuffinMan4Lyfe', 'Ok_Efficiency_3416')","('MuffinMan4Lyfe', 'tiggie_7')","('tiggie_7', 'Ok_Efficiency_3416')",0.04266666666666667,0.04266666666666667
"('laplongejr', 'HauntedCemetery')","('laplongejr', 'elconquistador1985')","('HauntedCemetery', 'elconquistador1985')",0.4800000000000001,0.4800000000000001
"('197gpmol', 'ThaddeusJP')","('197gpmol', 'shoobe01')","('shoobe01', 'ThaddeusJP')",0.64125,0.64125
"('Wes_Warhammer666', 'zeusmeister')","('Wes_Warhammer666', 'stickscall')","('zeusmeister', 'stickscall')",0.6080000000000001,0.6080000000000001
"('Certain-Business-472', 'Herlock')","('Certain-Business-472', 'steamygoon')","('Herlock', 'steamygoon')",0.384,0.384
"('Raesong', 'Wes_Warhammer666')","('Raesong', 'stickscall')","('Wes_Warhammer666', 'stickscall')",0.6080000000000001,0.6080000000000001
"('Raesong', 'HauntedCemetery')","('Raesong', 'stickscall')","('HauntedCemetery', 'stickscall')",0.6120000000000001,0.6120000000000001
"('FloridaGirlNikki', 'TrashApocalypse')","('FloridaGirlNikki', 'IJustLoggedInToSay-')","('TrashApocalypse', 'IJustLoggedInToSay-')",-0.2,0.2
"('throwraW2', 'CmdDeadHand')","('throwraW2', 'd_pyro')","('CmdDeadHand', 'd_pyro')",0.072,0.072
"('Icy_Struggle_7291', 'Soggy_Panda2393')","('Icy_Struggle_7291', 'Icy_Struggle_7291')","('Icy_Struggle_7291', 'Soggy_Panda2393')",0.8573749999999999,0.8573749999999999
"('WalterPecky', 'mcchicken_deathgrip')","('WalterPecky', 'kundehotze')","('mcchicken_deathgrip', 'kundehotze')",0.12800000000000003,0.12800000000000003
"('WalterPecky', 'mcchicken_deathgrip')","('WalterPecky', 'kundehotze')","('kundehotze', 'mcchicken_deathgrip')",0.5120000000000001,0.5120000000000001
"('WalterPecky', 'mcchicken_deathgrip')","('WalterPecky', 'YoungestJimbo')","('mcchicken_deathgrip', 'YoungestJimbo')",0.5120000000000001,0.5120000000000001
"('WalterPecky', 'mcchicken_deathgrip')","('WalterPecky', 'YoungestJimbo')","('YoungestJimbo', 'mcchicken_deathgrip')",-0.6400000000000001,0.6400000000000001
"('NeverLookBothWays', 'JournalistRecent1230')","('NeverLookBothWays', 'FreeDarkChocolate')","('FreeDarkChocolate', 'JournalistRecent1230')",0.12000000000000002,0.12000000000000002
"('adorablefuzzykitten', 'Ok_Distance_far')","('adorablefuzzykitten', 'HomoProfessionalis')","('Ok_Distance_far', 'HomoProfessionalis')",0.12800000000000003,0.12800000000000003
"('adorablefuzzykitten', 'Ok_Distance_far')","('adorablefuzzykitten', 'HomoProfessionalis')","('HomoProfessionalis', 'Ok_Distance_far')",0.12800000000000003,0.12800000000000003
"('msphd123', 'FrogsOnALog')","('msphd123', 'Majestic_Gazelle')","('FrogsOnALog', 'Majestic_Gazelle')",0.11520000000000002,0.11520000000000002
"('msphd123', 'FrogsOnALog')","('msphd123', 'Majestic_Gazelle')","('Majestic_Gazelle', 'FrogsOnALog')",-0.024,0.024
"('Jinren', 'strbeanjoe')","('Jinren', 'thelionsmouth')","('strbeanjoe', 'thelionsmouth')",0.09000000000000001,0.09000000000000001
"('I-seddit', 'Pizza_Low')","('I-seddit', 'The_Lost_Jedi')","('Pizza_Low', 'The_Lost_Jedi')",-0.544,0.544
"('viktor72', 'blackholedoughnuts')","('viktor72', 'DeweyPLlama')","('blackholedoughnuts', 'DeweyPLlama')",0.0,0.0
"('morningsharts', 'invalidpassword')","('morningsharts', 'Unlikely_March_5173')","('Unlikely_March_5173', 'invalidpassword')",0.544,0.544
"('Nicadelphia', 'justsomebro10')","('Nicadelphia', 'Little-Maximum1290')","('Little-Maximum1290', 'justsomebro10')",-0.0,0.0
"('jeromevedder', 'kevihaa')","('jeromevedder', 'DotGroundbreaking50')","('kevihaa', 'DotGroundbreaking50')",0.0,0.0
"('Complex_Area_1007', 'orion19819')","('Complex_Area_1007', 'Complex_Area_1007')","('Complex_Area_1007', 'orion19819')",0.6480000000000001,0.6480000000000001
"('Mercadi', 'Ill-Ad-7161')","('Mercadi', 'Cheeks_B_Flappin')","('Cheeks_B_Flappin', 'Ill-Ad-7161')",-0.0,0.0
"('fffan9391', 'Ielsoehasrearlyndd78')","('fffan9391', 'yourlittlebirdie')","('Ielsoehasrearlyndd78', 'yourlittlebirdie')",0.7200000000000001,0.7200000000000001
"('MyFeetLookLikeHands', 'Julian81295')","('MyFeetLookLikeHands', 'yourlittlebirdie')","('Julian81295', 'yourlittlebirdie')",0.03200000000000001,0.03200000000000001
"('MyFeetLookLikeHands', 'Julian81295')","('MyFeetLookLikeHands', 'yourlittlebirdie')","('yourlittlebirdie', 'Julian81295')",0.024000000000000004,0.024000000000000004
"('RellenD', 'omega12596')","('RellenD', 'Voluptulouis')","('omega12596', 'Voluptulouis')",-0.04675000000000001,0.04675000000000001
"('bailaoban', 'HomoProfessionalis')","('bailaoban', 'Ill-Ad-7161')","('HomoProfessionalis', 'Ill-Ad-7161')",-0.16000000000000003,0.16000000000000003
"('IcedTeaForever', 'elementality883')","('IcedTeaForever', 'martinsuchan')","('elementality883', 'martinsuchan')",0.4800000000000001,0.4800000000000001
"('theHoopty', 'PopPalsUnited')","('theHoopty', 'gregkiel')","('gregkiel', 'PopPalsUnited')",0.0,0.0
"('CmdDeadHand', 'throwraW2')","('CmdDeadHand', 'd_pyro')","('throwraW2', 'd_pyro')",0.096,0.096
"('CmdDeadHand', 'throwraW2')","('CmdDeadHand', 'd_pyro')","('d_pyro', 'throwraW2')",0.096,0.096
"('OptimusSecundus', 'Icy-Bunch609')","('OptimusSecundus', 'Devil25_Apollo25')","('Devil25_Apollo25', 'Icy-Bunch609')",0.0,0.0
"('Putrid_Giggles', 'secksyboii')","('Putrid_Giggles', 'IJustLoggedInToSay-')","('secksyboii', 'IJustLoggedInToSay-')",0.5092,0.5092
"('rexeditrex', 'Ok_Distance_far')","('rexeditrex', 'AssociateOk6035')","('Ok_Distance_far', 'AssociateOk6035')",0.384,0.384
